session,minutes,gaze_hz,fixations,regr_legacy,regr_new,regr_leftward,regr_upward,sacc_dur_legacy_med,sacc_dur_new_med
s01,2.9,7.8,113,38,14,9,5,1.061,0.511
s02,2.3,7.9,61,20,10,6,4,1.679,0.98
s03,2.6,7.4,81,33,14,13,1,1.534,0.893
s04,2.2,7.5,71,30,5,3,2,1.2,0.644
s05,2.7,7.8,80,34,4,2,2,1.345,0.84
s06,2.8,6.5,74,31,7,7,0,1.733,1.2
s07,2.3,6.6,74,23,7,5,2,1.085,0.447
s08,3.8,6.5,113,46,20,10,10,1.332,0.631
s09,3.4,7.3,116,47,27,22,5,1.268,0.653
s10,3.7,7.9,109,40,21,17,4,1.356,0.787
s11,2.8,7.4,131,50,28,21,7,0.914,0.339
s12,2.8,6.7,87,37,14,11,3,1.203,0.619
s13,2.5,6.7,78,30,6,6,0,1.102,0.567
s14,2.1,6.5,57,28,5,3,2,1.84,1.304
s15,2.0,6.2,49,15,2,1,1,1.477,0.889
s16,2.9,6.7,114,48,13,11,2,1.21,0.523
s17,2.6,7.1,61,21,12,8,4,1.728,0.923
s18,2.8,5.4,41,12,10,7,3,2.888,2.076
s19,3.9,5.2,50,18,8,4,4,3.175,2.48
s20,3.4,4.9,56,21,11,8,3,3.376,2.583
s21,1.6,17.8,62,17,11,6,5,1.301,0.65
TEST_T00_20261006-173803,2.2,29.6,70,26,11,4,7,1.216,0.683
