blockId,timestamp,helpfulness,tag,x,y,width,height,x_screen,y_screen,content
"6","2025-07-04 17:10:19.775300","3","P","264","348.6000061035156","992.800048828125","156","264","469.6000061035156","Indian Cherokee Rummy (or Paplu) is a card game in India with little variation from original Rummy. It may be considered a cross between Rummy 500 and Gin Rummy. Indian Rummy is a variant of the Rummy game popular in India that involves making valid sets out of 13 cards that are distributed among every player on the table. Each player is dealt 13 cards initially; if the number of players is 2, then a 52 cards deck is chosen for the game and if there are 6 players, two decks of 52 cards each is c"
"12","2025-07-04 17:10:51.915900","3","P","264","1180.3500366210938","992.800048828125","78","264","961.3500366210938","It is a game of 2-6 players. For 2 players, 2 decks of cards are used. For more than 2 players, the game makes use of 3 decks. Each player gets 13 cards in the beginning; which they have to meld into valid sequences and/or sets. 5, 6, 7 of same suit, is an example of a sequence or run and 7, 7, 7 of different suit is a set.[3]"
"23","2025-07-04 17:11:37.228200","2","P","264","3910.1376953125","992.800048828125","104","264","2254.337646484375","Rummy has been declared by the courts of law to be a game of skill or mere skill. Such games are excluded from the applicability of laws prohibiting betting and gambling ('Betting and Gambling' being a state subject under the Constitution of India) in all states to the exception of a few. However, the states of Assam and Orissa have not provided clear rulings on this matter and are thus ambiguous territories. Playing Rummy online is also legal in India.[4]"
"24","2025-07-04 17:11:56.231200","2","P","264","4154.1376953125","992.800048828125","78","264","2374.337646484375","Rummy is legally recognized as a game of skill in India. In the landmark judgment State of Andhra Pradesh v. K. Satyanarayana (1967), the Supreme Court ruled that Rummy is ""mainly and preponderantly a game of skill"" and not pure chance, exempting it from gambling prohibitions under laws like the Public Gambling Act, 1867. [5]"
"26","2025-07-04 17:12:28.704700","2","P","264","4574.53759765625","992.800048828125","78","264","2536.337646484375","However, the legal status of online rummy varies across Indian states. States like Telangana and Andhra Pradesh have enacted laws banning online rummy for stakes, citing concerns over addiction and financial loss. These state-specific laws have been challenged in courts, leading to ongoing legal developments."
"30","2025-07-04 17:12:53.118700","2","TABLE","267.8000183105469","5676.3125","985.2000122070312","439.8500061035156","267.8000183105469","3006.112548828125","hide
vte
Non trick-taking card games


ShufflingCuttingGlossary of card game terms

Adding	
CribbageCuttleCostly coloursNinety-nineNoddy

Collecting	
Beggar-my-neighbourEgyptian RatscrewMy ship sailsPigQuartetsSchlafmützeWar

Commerce	
BragCommerceJames BondKempsMusSchwimmenStop the bus

Comparing	
Chase the AceCoucouCuccùGnavHöllfahrenHyppKilleRanter-Go-RoundVogelspiel

Compendium	
BarbuBauernfangenBonkenDavoserjazzDreegHerzelnKein StichKingLorumPochQuodlibetRosbiratschkaTrex

Draw and
discard	"