gaze_x,gaze_y,timestamp
1809,749,2025-07-04 17:18:46.593311
1809,749,2025-07-04 17:18:46.716633
1809,749,2025-07-04 17:18:46.851916
1809,749,2025-07-04 17:18:46.957748
1809,749,2025-07-04 17:18:47.065087
1809,749,2025-07-04 17:18:47.180216
1809,749,2025-07-04 17:18:47.298502
1809,749,2025-07-04 17:18:47.428553
1809,749,2025-07-04 17:18:47.541161
1809,749,2025-07-04 17:18:47.660567
1809,749,2025-07-04 17:18:47.782776
1809,749,2025-07-04 17:18:47.891947
1809,749,2025-07-04 17:18:48.015698
1809,749,2025-07-04 17:18:48.130427
1038,844,2025-07-04 17:18:48.253724
1809,749,2025-07-04 17:18:48.360793
1809,749,2025-07-04 17:18:48.471283
1809,749,2025-07-04 17:18:48.596394
1809,749,2025-07-04 17:18:48.726934
1809,749,2025-07-04 17:18:48.878216
1809,749,2025-07-04 17:18:49.007560
1809,749,2025-07-04 17:18:49.151595
1809,749,2025-07-04 17:18:49.290627
1809,749,2025-07-04 17:18:49.423427
1809,749,2025-07-04 17:18:49.553240
1809,749,2025-07-04 17:18:49.677176
1789,759,2025-07-04 17:18:49.807525
721,460,2025-07-04 17:18:49.952834
735,559,2025-07-04 17:18:50.173174
1436,926,2025-07-04 17:18:50.302851
1807,749,2025-07-04 17:18:50.419533
1809,749,2025-07-04 17:18:50.560631
1809,749,2025-07-04 17:18:50.689071
511,520,2025-07-04 17:18:50.826056
911,729,2025-07-04 17:18:50.956054
1179,895,2025-07-04 17:18:51.079616
1189,905,2025-07-04 17:18:51.208890
733,708,2025-07-04 17:18:51.346428
556,656,2025-07-04 17:18:51.478345
512,643,2025-07-04 17:18:51.618169
479,625,2025-07-04 17:18:51.771439
457,617,2025-07-04 17:18:51.924648
429,610,2025-07-04 17:18:52.067195
419,605,2025-07-04 17:18:52.206248
413,603,2025-07-04 17:18:52.334958
410,599,2025-07-04 17:18:52.490198
405,598,2025-07-04 17:18:52.617762
414,598,2025-07-04 17:18:52.737013
440,600,2025-07-04 17:18:52.867544
444,599,2025-07-04 17:18:53.003105
449,599,2025-07-04 17:18:53.130984
456,599,2025-07-04 17:18:53.266286
470,599,2025-07-04 17:18:53.383956
487,599,2025-07-04 17:18:53.513884
501,601,2025-07-04 17:18:53.650421
513,600,2025-07-04 17:18:53.782560
531,604,2025-07-04 17:18:53.914409
551,604,2025-07-04 17:18:54.031986
577,608,2025-07-04 17:18:54.167095
607,611,2025-07-04 17:18:54.302225
628,610,2025-07-04 17:18:54.454065
641,611,2025-07-04 17:18:54.589304
649,612,2025-07-04 17:18:54.740107
657,608,2025-07-04 17:18:54.873343
665,607,2025-07-04 17:18:55.011220
684,603,2025-07-04 17:18:55.144062
696,602,2025-07-04 17:18:55.266033
706,602,2025-07-04 17:18:55.399051
714,603,2025-07-04 17:18:55.510617
726,603,2025-07-04 17:18:55.626431
751,604,2025-07-04 17:18:55.747443
771,603,2025-07-04 17:18:55.881965
787,603,2025-07-04 17:18:56.020003
804,604,2025-07-04 17:18:56.148792
824,606,2025-07-04 17:18:56.282365
833,606,2025-07-04 17:18:56.414385
844,604,2025-07-04 17:18:56.546822
862,602,2025-07-04 17:18:56.686568
881,599,2025-07-04 17:18:56.809080
903,597,2025-07-04 17:18:56.943731
928,596,2025-07-04 17:18:57.068570
835,592,2025-07-04 17:18:57.197522
576,592,2025-07-04 17:18:57.335839
479,594,2025-07-04 17:18:57.485506
442,593,2025-07-04 17:18:57.619813
427,593,2025-07-04 17:18:57.749865
416,592,2025-07-04 17:18:57.877253
412,592,2025-07-04 17:18:58.015271
407,601,2025-07-04 17:18:58.154663
400,605,2025-07-04 17:18:58.281234
401,609,2025-07-04 17:18:58.407574
404,612,2025-07-04 17:18:58.530022
412,613,2025-07-04 17:18:58.662935
414,617,2025-07-04 17:18:58.791537
420,620,2025-07-04 17:18:58.929247
426,624,2025-07-04 17:18:59.062981
441,626,2025-07-04 17:18:59.173886
452,623,2025-07-04 17:18:59.295950
480,622,2025-07-04 17:18:59.422183
491,623,2025-07-04 17:18:59.538059
499,622,2025-07-04 17:18:59.664870
510,620,2025-07-04 17:18:59.804261
519,621,2025-07-04 17:18:59.932366
557,623,2025-07-04 17:19:00.086668
641,630,2025-07-04 17:19:00.381179
673,632,2025-07-04 17:19:00.523069
695,636,2025-07-04 17:19:00.661281
712,637,2025-07-04 17:19:00.789601
731,635,2025-07-04 17:19:00.911422
749,640,2025-07-04 17:19:01.043656
769,639,2025-07-04 17:19:01.180436
790,639,2025-07-04 17:19:01.310745
812,639,2025-07-04 17:19:01.441577
841,637,2025-07-04 17:19:01.582579
862,637,2025-07-04 17:19:01.702708
875,639,2025-07-04 17:19:01.821656
888,640,2025-07-04 17:19:01.960103
898,638,2025-07-04 17:19:02.076839
905,638,2025-07-04 17:19:02.202994
909,637,2025-07-04 17:19:02.336065
914,636,2025-07-04 17:19:02.467625
918,635,2025-07-04 17:19:02.600877
928,635,2025-07-04 17:19:02.749873
939,634,2025-07-04 17:19:02.879930
943,630,2025-07-04 17:19:03.012311
952,633,2025-07-04 17:19:03.147269
962,631,2025-07-04 17:19:03.283461
956,634,2025-07-04 17:19:03.418500
718,660,2025-07-04 17:19:03.537103
590,669,2025-07-04 17:19:03.677698
530,673,2025-07-04 17:19:03.817762
514,675,2025-07-04 17:19:03.941985
501,673,2025-07-04 17:19:04.069061
510,671,2025-07-04 17:19:04.209374
512,670,2025-07-04 17:19:04.345008
510,668,2025-07-04 17:19:04.475060
484,666,2025-07-04 17:19:04.608102
474,665,2025-07-04 17:19:04.736143
464,667,2025-07-04 17:19:04.856482
450,665,2025-07-04 17:19:04.998826
431,664,2025-07-04 17:19:05.123797
423,663,2025-07-04 17:19:05.239979
416,661,2025-07-04 17:19:05.372282
409,661,2025-07-04 17:19:05.504835
405,663,2025-07-04 17:19:05.624454
402,663,2025-07-04 17:19:05.747030
399,660,2025-07-04 17:19:05.873818
396,660,2025-07-04 17:19:06.011368
394,662,2025-07-04 17:19:06.145103
409,658,2025-07-04 17:19:06.273406
417,659,2025-07-04 17:19:06.403315
430,660,2025-07-04 17:19:06.530147
450,657,2025-07-04 17:19:06.656486
488,657,2025-07-04 17:19:06.783509
502,659,2025-07-04 17:19:06.905960
523,662,2025-07-04 17:19:07.036578
543,661,2025-07-04 17:19:07.173603
563,663,2025-07-04 17:19:07.307089
574,666,2025-07-04 17:19:07.434594
588,665,2025-07-04 17:19:07.573284
619,665,2025-07-04 17:19:07.705599
637,666,2025-07-04 17:19:07.838782
660,666,2025-07-04 17:19:08.005796
699,663,2025-07-04 17:19:08.138859
720,666,2025-07-04 17:19:08.276231
733,662,2025-07-04 17:19:08.412849
753,662,2025-07-04 17:19:08.550440
774,662,2025-07-04 17:19:08.681388
789,662,2025-07-04 17:19:08.820239
817,665,2025-07-04 17:19:08.958113
843,667,2025-07-04 17:19:09.092036
872,668,2025-07-04 17:19:09.221055
906,667,2025-07-04 17:19:09.351062
922,669,2025-07-04 17:19:09.489766
957,668,2025-07-04 17:19:09.620860
993,667,2025-07-04 17:19:09.756687
1016,667,2025-07-04 17:19:09.881810
1037,665,2025-07-04 17:19:10.004377
560,698,2025-07-04 17:19:10.137052
473,703,2025-07-04 17:19:10.268866
425,705,2025-07-04 17:19:10.399800
415,703,2025-07-04 17:19:10.505945
407,704,2025-07-04 17:19:10.646344
399,702,2025-07-04 17:19:10.770689
392,700,2025-07-04 17:19:10.902314
389,699,2025-07-04 17:19:11.038759
388,699,2025-07-04 17:19:11.172571
387,698,2025-07-04 17:19:11.303498
412,698,2025-07-04 17:19:11.441209
429,698,2025-07-04 17:19:11.579667
439,696,2025-07-04 17:19:11.704746
451,696,2025-07-04 17:19:11.840461
485,694,2025-07-04 17:19:11.960417
499,694,2025-07-04 17:19:12.081954
527,693,2025-07-04 17:19:12.212759
545,696,2025-07-04 17:19:12.344609
579,693,2025-07-04 17:19:12.459928
604,693,2025-07-04 17:19:12.592097
618,694,2025-07-04 17:19:12.729759
634,694,2025-07-04 17:19:12.872694
655,698,2025-07-04 17:19:13.013661
676,700,2025-07-04 17:19:13.185976
687,698,2025-07-04 17:19:13.330205
693,701,2025-07-04 17:19:13.474384
724,702,2025-07-04 17:19:13.605926
752,705,2025-07-04 17:19:13.780857
778,705,2025-07-04 17:19:13.940010
838,705,2025-07-04 17:19:14.080835
873,703,2025-07-04 17:19:14.234732
924,704,2025-07-04 17:19:14.376897
953,702,2025-07-04 17:19:14.506780
989,700,2025-07-04 17:19:14.627955
1008,700,2025-07-04 17:19:14.757138
1023,699,2025-07-04 17:19:14.883724
1033,700,2025-07-04 17:19:15.011082
1042,699,2025-07-04 17:19:15.134739
854,709,2025-07-04 17:19:15.275414
545,724,2025-07-04 17:19:15.399850
424,731,2025-07-04 17:19:15.527782
403,733,2025-07-04 17:19:15.649499
394,733,2025-07-04 17:19:15.781794
390,733,2025-07-04 17:19:15.911737
393,732,2025-07-04 17:19:16.050078
404,731,2025-07-04 17:19:16.176181
416,732,2025-07-04 17:19:16.292588
431,731,2025-07-04 17:19:16.420044
449,730,2025-07-04 17:19:16.551061
478,732,2025-07-04 17:19:16.682170
504,731,2025-07-04 17:19:16.819357
523,732,2025-07-04 17:19:16.953015
538,733,2025-07-04 17:19:17.088607
547,731,2025-07-04 17:19:17.221605
553,733,2025-07-04 17:19:17.342900
563,733,2025-07-04 17:19:17.486908
580,733,2025-07-04 17:19:17.617514
607,733,2025-07-04 17:19:17.739857
627,733,2025-07-04 17:19:17.860054
650,735,2025-07-04 17:19:17.983397
681,734,2025-07-04 17:19:18.104773
714,798,2025-07-04 17:19:18.234195
708,820,2025-07-04 17:19:18.364966
708,822,2025-07-04 17:19:18.497886
719,804,2025-07-04 17:19:18.620036
727,789,2025-07-04 17:19:18.742762
737,779,2025-07-04 17:19:18.857815
757,767,2025-07-04 17:19:18.980375
774,755,2025-07-04 17:19:19.104702
781,751,2025-07-04 17:19:19.231221
787,750,2025-07-04 17:19:19.366265
804,748,2025-07-04 17:19:19.501575
824,746,2025-07-04 17:19:19.633827
839,748,2025-07-04 17:19:19.767508
845,748,2025-07-04 17:19:19.896422
863,746,2025-07-04 17:19:20.022858
910,747,2025-07-04 17:19:20.163105
938,748,2025-07-04 17:19:20.294683
986,746,2025-07-04 17:19:20.428212
1016,744,2025-07-04 17:19:20.570963
1030,745,2025-07-04 17:19:20.694622
760,751,2025-07-04 17:19:20.829788
487,763,2025-07-04 17:19:20.966927
435,766,2025-07-04 17:19:21.096122
422,772,2025-07-04 17:19:21.230682
409,772,2025-07-04 17:19:21.365046
405,772,2025-07-04 17:19:21.482080
412,770,2025-07-04 17:19:21.607065
417,768,2025-07-04 17:19:21.738212
422,770,2025-07-04 17:19:21.862980
424,767,2025-07-04 17:19:21.998869
457,768,2025-07-04 17:19:22.127696
492,768,2025-07-04 17:19:22.246839
457,765,2025-07-04 17:19:22.377581
568,771,2025-07-04 17:19:22.510744
589,771,2025-07-04 17:19:22.650520
609,770,2025-07-04 17:19:22.780287
622,771,2025-07-04 17:19:22.896643
630,772,2025-07-04 17:19:23.027829
642,772,2025-07-04 17:19:23.164676
653,773,2025-07-04 17:19:23.300088
664,773,2025-07-04 17:19:23.427858
679,771,2025-07-04 17:19:23.561443
695,771,2025-07-04 17:19:23.691102
713,770,2025-07-04 17:19:23.819001
726,770,2025-07-04 17:19:23.943383
748,768,2025-07-04 17:19:24.067317
772,769,2025-07-04 17:19:24.187099
796,767,2025-07-04 17:19:24.331835
818,768,2025-07-04 17:19:24.455270
832,769,2025-07-04 17:19:24.597578
850,770,2025-07-04 17:19:24.729450
866,774,2025-07-04 17:19:24.878517
885,771,2025-07-04 17:19:25.011005
900,769,2025-07-04 17:19:25.144439
921,770,2025-07-04 17:19:25.278902
949,769,2025-07-04 17:19:25.417076
979,765,2025-07-04 17:19:25.541763
1002,763,2025-07-04 17:19:25.669042
1017,762,2025-07-04 17:19:25.791959
875,729,2025-07-04 17:19:25.917939
577,675,2025-07-04 17:19:26.036526
519,660,2025-07-04 17:19:26.151024
506,652,2025-07-04 17:19:26.285730
497,643,2025-07-04 17:19:26.393478
491,641,2025-07-04 17:19:26.520242
489,638,2025-07-04 17:19:26.658415
484,637,2025-07-04 17:19:26.791756
458,764,2025-07-04 17:19:27.040900
450,812,2025-07-04 17:19:27.165515
452,833,2025-07-04 17:19:27.330687
454,845,2025-07-04 17:19:27.457697
455,852,2025-07-04 17:19:27.596099
457,857,2025-07-04 17:19:27.731254
459,862,2025-07-04 17:19:27.863247
480,859,2025-07-04 17:19:27.990213
653,766,2025-07-04 17:19:28.115066
802,673,2025-07-04 17:19:28.228120
835,651,2025-07-04 17:19:28.348045
842,644,2025-07-04 17:19:28.459161
857,637,2025-07-04 17:19:28.601486
860,635,2025-07-04 17:19:28.739869
864,634,2025-07-04 17:19:28.864362
870,633,2025-07-04 17:19:28.989575
870,635,2025-07-04 17:19:29.116456
872,636,2025-07-04 17:19:29.234245
879,649,2025-07-04 17:19:29.355361
911,789,2025-07-04 17:19:29.597779
911,820,2025-07-04 17:19:29.716518
910,838,2025-07-04 17:19:29.839659
913,849,2025-07-04 17:19:29.978540
914,852,2025-07-04 17:19:30.102250
777,797,2025-07-04 17:19:30.241025
557,711,2025-07-04 17:19:30.377652
521,695,2025-07-04 17:19:30.514336
510,686,2025-07-04 17:19:30.640608
498,679,2025-07-04 17:19:30.772684
498,675,2025-07-04 17:19:30.910918
500,675,2025-07-04 17:19:31.030190
501,674,2025-07-04 17:19:31.159092
502,673,2025-07-04 17:19:31.279597
504,672,2025-07-04 17:19:31.400769
506,672,2025-07-04 17:19:31.530964
509,685,2025-07-04 17:19:31.654357
505,719,2025-07-04 17:19:31.787929
476,816,2025-07-04 17:19:32.053494
467,844,2025-07-04 17:19:32.182151
461,864,2025-07-04 17:19:32.320192
457,877,2025-07-04 17:19:32.453847
367,987,2025-07-04 17:19:32.587253
371,986,2025-07-04 17:19:32.722928
467,901,2025-07-04 17:19:32.842943
568,791,2025-07-04 17:19:32.977400
634,743,2025-07-04 17:19:33.106604
668,716,2025-07-04 17:19:33.235698
678,713,2025-07-04 17:19:33.377751
686,715,2025-07-04 17:19:33.516313
672,741,2025-07-04 17:19:33.640410
595,818,2025-07-04 17:19:33.902040
586,827,2025-07-04 17:19:34.033044
577,833,2025-07-04 17:19:34.162444
563,836,2025-07-04 17:19:34.285076
558,844,2025-07-04 17:19:34.404799
555,848,2025-07-04 17:19:34.535153
551,852,2025-07-04 17:19:34.651362
545,855,2025-07-04 17:19:34.784784
542,858,2025-07-04 17:19:34.895094
538,859,2025-07-04 17:19:35.022008
535,860,2025-07-04 17:19:35.144182
531,861,2025-07-04 17:19:35.262740
526,863,2025-07-04 17:19:35.394550
522,864,2025-07-04 17:19:35.512627
519,868,2025-07-04 17:19:35.658519
517,869,2025-07-04 17:19:35.796071
515,869,2025-07-04 17:19:35.917244
516,869,2025-07-04 17:19:36.036656
534,864,2025-07-04 17:19:36.173227
552,856,2025-07-04 17:19:36.302346
562,852,2025-07-04 17:19:36.425826
574,849,2025-07-04 17:19:36.543640
592,843,2025-07-04 17:19:36.652575
602,840,2025-07-04 17:19:36.766888
607,838,2025-07-04 17:19:36.900433
612,837,2025-07-04 17:19:37.034092
622,828,2025-07-04 17:19:37.164942
627,821,2025-07-04 17:19:37.289116
631,813,2025-07-04 17:19:37.423812
640,809,2025-07-04 17:19:37.543640
647,806,2025-07-04 17:19:37.665518
653,790,2025-07-04 17:19:37.798775
663,772,2025-07-04 17:19:37.915045
671,756,2025-07-04 17:19:38.034268
687,745,2025-07-04 17:19:38.165549
695,734,2025-07-04 17:19:38.328859
704,722,2025-07-04 17:19:38.487347
708,717,2025-07-04 17:19:38.617187
713,714,2025-07-04 17:19:38.752352
694,719,2025-07-04 17:19:38.883589
578,777,2025-07-04 17:19:39.161278
566,788,2025-07-04 17:19:39.280670
558,794,2025-07-04 17:19:39.415101
552,798,2025-07-04 17:19:39.548356
545,799,2025-07-04 17:19:39.677501
520,801,2025-07-04 17:19:39.799496
501,803,2025-07-04 17:19:39.923027
486,804,2025-07-04 17:19:40.042452
452,804,2025-07-04 17:19:40.173475
442,803,2025-07-04 17:19:40.297370
433,803,2025-07-04 17:19:40.428873
427,802,2025-07-04 17:19:40.558978
422,801,2025-07-04 17:19:40.676656
418,801,2025-07-04 17:19:40.795746
415,800,2025-07-04 17:19:40.923194
413,801,2025-07-04 17:19:41.041294
419,787,2025-07-04 17:19:41.176444
532,634,2025-07-04 17:19:41.445809
571,599,2025-07-04 17:19:41.588668
809,592,2025-07-04 17:19:41.722683
869,597,2025-07-04 17:19:41.913121
914,593,2025-07-04 17:19:42.057800
936,591,2025-07-04 17:19:42.181608
950,588,2025-07-04 17:19:42.321249
964,584,2025-07-04 17:19:42.444331
974,581,2025-07-04 17:19:42.569696
982,579,2025-07-04 17:19:42.695804
990,575,2025-07-04 17:19:42.827456
997,570,2025-07-04 17:19:42.961482
1000,568,2025-07-04 17:19:43.097711
1003,568,2025-07-04 17:19:43.210045
1006,567,2025-07-04 17:19:43.344291
1007,566,2025-07-04 17:19:43.456883
1008,565,2025-07-04 17:19:43.590655
1010,565,2025-07-04 17:19:43.725620
878,686,2025-07-04 17:19:43.844808
654,877,2025-07-04 17:19:43.963999
548,940,2025-07-04 17:19:44.094326
500,952,2025-07-04 17:19:44.233466
472,956,2025-07-04 17:19:44.373868
457,956,2025-07-04 17:19:44.519160
822,919,2025-07-04 17:19:44.816157
864,904,2025-07-04 17:19:44.959642
911,753,2025-07-04 17:19:45.232784
1167,637,2025-07-04 17:19:45.357670
1208,559,2025-07-04 17:19:45.500646
1216,504,2025-07-04 17:19:45.623083
1222,680,2025-07-04 17:19:45.888542
885,768,2025-07-04 17:19:46.048175
681,783,2025-07-04 17:19:46.164231
540,772,2025-07-04 17:19:46.306775
463,748,2025-07-04 17:19:46.437786
437,735,2025-07-04 17:19:46.558164
427,729,2025-07-04 17:19:46.676822
423,721,2025-07-04 17:19:46.785045
419,716,2025-07-04 17:19:46.900990
417,710,2025-07-04 17:19:47.032875
424,701,2025-07-04 17:19:47.170984
432,697,2025-07-04 17:19:47.297958
445,692,2025-07-04 17:19:47.431545
458,690,2025-07-04 17:19:47.564860
485,687,2025-07-04 17:19:47.693235
516,682,2025-07-04 17:19:47.826322
544,681,2025-07-04 17:19:47.938274
575,683,2025-07-04 17:19:48.062696
612,687,2025-07-04 17:19:48.201068
657,690,2025-07-04 17:19:48.349367
700,698,2025-07-04 17:19:48.505419
726,702,2025-07-04 17:19:48.626418
738,704,2025-07-04 17:19:48.758024
747,702,2025-07-04 17:19:48.881624
752,703,2025-07-04 17:19:49.011468
753,705,2025-07-04 17:19:49.139169
743,705,2025-07-04 17:19:49.261624
733,706,2025-07-04 17:19:49.397406
732,705,2025-07-04 17:19:49.525493
736,704,2025-07-04 17:19:49.648469
762,705,2025-07-04 17:19:49.772751
778,703,2025-07-04 17:19:49.914969
790,703,2025-07-04 17:19:50.048204
798,700,2025-07-04 17:19:50.178802
816,700,2025-07-04 17:19:50.306016
829,701,2025-07-04 17:19:50.422736
840,702,2025-07-04 17:19:50.555863
846,701,2025-07-04 17:19:50.688895
871,699,2025-07-04 17:19:50.815396
896,698,2025-07-04 17:19:50.955809
916,699,2025-07-04 17:19:51.088308
792,707,2025-07-04 17:19:51.222487
442,722,2025-07-04 17:19:51.488303
425,721,2025-07-04 17:19:51.622660
411,723,2025-07-04 17:19:51.756678
406,724,2025-07-04 17:19:51.873406
420,723,2025-07-04 17:19:52.003312
450,723,2025-07-04 17:19:52.137786
477,724,2025-07-04 17:19:52.269954
526,722,2025-07-04 17:19:52.394522
548,721,2025-07-04 17:19:52.525061
564,721,2025-07-04 17:19:52.657018
576,722,2025-07-04 17:19:52.789555
598,724,2025-07-04 17:19:52.934782
613,727,2025-07-04 17:19:53.072708
619,726,2025-07-04 17:19:53.203410
624,727,2025-07-04 17:19:53.315827
632,728,2025-07-04 17:19:53.441434
646,728,2025-07-04 17:19:53.555758
671,731,2025-07-04 17:19:53.677961
685,729,2025-07-04 17:19:53.802225
702,732,2025-07-04 17:19:53.936933
722,730,2025-07-04 17:19:54.072203
737,731,2025-07-04 17:19:54.196865
751,732,2025-07-04 17:19:54.318303
776,734,2025-07-04 17:19:54.453381
793,734,2025-07-04 17:19:54.586561
812,735,2025-07-04 17:19:54.719006
826,735,2025-07-04 17:19:54.846278
837,737,2025-07-04 17:19:54.963792
845,737,2025-07-04 17:19:55.087748
862,735,2025-07-04 17:19:55.221563
879,733,2025-07-04 17:19:55.348881
892,734,2025-07-04 17:19:55.485395
912,733,2025-07-04 17:19:55.620564
932,734,2025-07-04 17:19:55.751651
954,730,2025-07-04 17:19:55.885551
982,728,2025-07-04 17:19:56.010777
1001,727,2025-07-04 17:19:56.134407
918,735,2025-07-04 17:19:56.271007
665,749,2025-07-04 17:19:56.400955
461,756,2025-07-04 17:19:56.525517
417,756,2025-07-04 17:19:56.653263
403,756,2025-07-04 17:19:56.777172
398,756,2025-07-04 17:19:56.900836
394,757,2025-07-04 17:19:57.029652
396,758,2025-07-04 17:19:57.151839
402,758,2025-07-04 17:19:57.277843
408,759,2025-07-04 17:19:57.402919
417,760,2025-07-04 17:19:57.518977
422,758,2025-07-04 17:19:57.644570
437,758,2025-07-04 17:19:57.778668
460,761,2025-07-04 17:19:57.919018
483,762,2025-07-04 17:19:58.050493
496,761,2025-07-04 17:19:58.189149
516,758,2025-07-04 17:19:58.317116
535,759,2025-07-04 17:19:58.453599
550,760,2025-07-04 17:19:58.607189
583,763,2025-07-04 17:19:58.733765
671,763,2025-07-04 17:19:58.998713
691,765,2025-07-04 17:19:59.132909
711,765,2025-07-04 17:19:59.268631
724,763,2025-07-04 17:19:59.393689
741,765,2025-07-04 17:19:59.526542
759,766,2025-07-04 17:19:59.659321
772,773,2025-07-04 17:19:59.781773
784,799,2025-07-04 17:19:59.909162
794,802,2025-07-04 17:20:00.035480
802,802,2025-07-04 17:20:00.157243
823,795,2025-07-04 17:20:00.275556
851,797,2025-07-04 17:20:00.409646
868,792,2025-07-04 17:20:00.531239
893,778,2025-07-04 17:20:00.668674
913,771,2025-07-04 17:20:00.808575
929,767,2025-07-04 17:20:00.950534
945,767,2025-07-04 17:20:01.080816
972,763,2025-07-04 17:20:01.220133
993,762,2025-07-04 17:20:01.342347
1003,763,2025-07-04 17:20:01.472522
599,797,2025-07-04 17:20:01.596750
494,806,2025-07-04 17:20:01.708461
432,809,2025-07-04 17:20:01.832480
420,808,2025-07-04 17:20:01.970938
411,802,2025-07-04 17:20:02.096626
404,801,2025-07-04 17:20:02.214698
397,800,2025-07-04 17:20:02.342208
394,799,2025-07-04 17:20:02.472361
394,798,2025-07-04 17:20:02.592560
393,797,2025-07-04 17:20:02.712981
391,796,2025-07-04 17:20:02.841529
388,796,2025-07-04 17:20:02.972426
389,795,2025-07-04 17:20:03.103041
396,794,2025-07-04 17:20:03.230649
405,794,2025-07-04 17:20:03.362933
412,796,2025-07-04 17:20:03.501995
422,798,2025-07-04 17:20:03.632026
438,798,2025-07-04 17:20:03.768291
455,801,2025-07-04 17:20:03.904512
473,799,2025-07-04 17:20:04.028638
490,798,2025-07-04 17:20:04.153400
503,795,2025-07-04 17:20:04.282858
518,796,2025-07-04 17:20:04.414417
529,796,2025-07-04 17:20:04.543025
546,799,2025-07-04 17:20:04.672135
565,799,2025-07-04 17:20:04.811773
577,798,2025-07-04 17:20:04.944874
592,798,2025-07-04 17:20:05.076651
606,797,2025-07-04 17:20:05.210651
618,797,2025-07-04 17:20:05.346870
630,798,2025-07-04 17:20:05.477124
643,797,2025-07-04 17:20:05.602987
650,797,2025-07-04 17:20:05.766321
670,798,2025-07-04 17:20:05.894429
697,796,2025-07-04 17:20:06.022092
721,796,2025-07-04 17:20:06.162802
910,790,2025-07-04 17:20:06.429838
963,787,2025-07-04 17:20:06.562546
998,785,2025-07-04 17:20:06.699158
1019,788,2025-07-04 17:20:06.834764
809,805,2025-07-04 17:20:06.960127
595,818,2025-07-04 17:20:07.093570
437,829,2025-07-04 17:20:07.222814
409,830,2025-07-04 17:20:07.359074
395,829,2025-07-04 17:20:07.485029
387,829,2025-07-04 17:20:07.613091
381,829,2025-07-04 17:20:07.738793
378,829,2025-07-04 17:20:07.858025
378,830,2025-07-04 17:20:07.975914
380,832,2025-07-04 17:20:08.107569
385,831,2025-07-04 17:20:08.227428
391,832,2025-07-04 17:20:08.350933
394,831,2025-07-04 17:20:08.473894
408,832,2025-07-04 17:20:08.624915
418,835,2025-07-04 17:20:08.749411
437,833,2025-07-04 17:20:08.891013
470,834,2025-07-04 17:20:09.030587
492,833,2025-07-04 17:20:09.166812
510,833,2025-07-04 17:20:09.298280
517,839,2025-07-04 17:20:09.427360
459,838,2025-07-04 17:20:09.691371
422,808,2025-07-04 17:20:09.824561
417,762,2025-07-04 17:20:09.965299
418,739,2025-07-04 17:20:10.075929
425,730,2025-07-04 17:20:10.209240
427,721,2025-07-04 17:20:10.335067
429,716,2025-07-04 17:20:10.459040
430,711,2025-07-04 17:20:10.582273
429,708,2025-07-04 17:20:10.707151
457,733,2025-07-04 17:20:10.829323
500,796,2025-07-04 17:20:10.956458
513,812,2025-07-04 17:20:11.094178
536,824,2025-07-04 17:20:11.220791
551,875,2025-07-04 17:20:11.350163
552,880,2025-07-04 17:20:11.473185
555,881,2025-07-04 17:20:11.612392
593,878,2025-07-04 17:20:11.744776
606,870,2025-07-04 17:20:11.874637
631,855,2025-07-04 17:20:12.016436
660,844,2025-07-04 17:20:12.160641
682,839,2025-07-04 17:20:12.296695
710,836,2025-07-04 17:20:12.422465
729,835,2025-07-04 17:20:12.555882
744,835,2025-07-04 17:20:12.690747
752,836,2025-07-04 17:20:12.825418
603,859,2025-07-04 17:20:13.101303
552,866,2025-07-04 17:20:13.239992
523,869,2025-07-04 17:20:13.371245
509,870,2025-07-04 17:20:13.513878
502,870,2025-07-04 17:20:13.637368
498,870,2025-07-04 17:20:13.777649
493,869,2025-07-04 17:20:13.906028
489,868,2025-07-04 17:20:14.039302
487,867,2025-07-04 17:20:14.172706
485,867,2025-07-04 17:20:14.306637
485,866,2025-07-04 17:20:14.443076
486,866,2025-07-04 17:20:14.580938
484,860,2025-07-04 17:20:14.722436
478,844,2025-07-04 17:20:14.853870
474,825,2025-07-04 17:20:14.989348
472,812,2025-07-04 17:20:15.115254
470,804,2025-07-04 17:20:15.228441
467,786,2025-07-04 17:20:15.367159
468,779,2025-07-04 17:20:15.505326
468,774,2025-07-04 17:20:15.636632
470,767,2025-07-04 17:20:15.772090
477,760,2025-07-04 17:20:15.899626
478,754,2025-07-04 17:20:16.019738
480,749,2025-07-04 17:20:16.132154
497,743,2025-07-04 17:20:16.249127
897,680,2025-07-04 17:20:16.521534
938,676,2025-07-04 17:20:16.656771
954,676,2025-07-04 17:20:16.790967
969,676,2025-07-04 17:20:16.919322
979,677,2025-07-04 17:20:17.054223
982,679,2025-07-04 17:20:17.191903
984,679,2025-07-04 17:20:17.328111
987,679,2025-07-04 17:20:17.457789
989,679,2025-07-04 17:20:17.584162
991,679,2025-07-04 17:20:17.717917
991,679,2025-07-04 17:20:17.836756
909,712,2025-07-04 17:20:17.981372
523,888,2025-07-04 17:20:18.123762
461,931,2025-07-04 17:20:18.249969
422,962,2025-07-04 17:20:18.383949
407,972,2025-07-04 17:20:18.516919
429,763,2025-07-04 17:20:18.784142
436,715,2025-07-04 17:20:18.925632
437,668,2025-07-04 17:20:19.052725
936,507,2025-07-04 17:20:19.319725
1124,484,2025-07-04 17:20:19.455211
1160,445,2025-07-04 17:20:19.584579
1207,366,2025-07-04 17:20:19.861445
1272,542,2025-07-04 17:20:20.137561
1289,582,2025-07-04 17:20:20.283260
1313,593,2025-07-04 17:20:20.429916
1327,601,2025-07-04 17:20:20.574760
1338,578,2025-07-04 17:20:20.699804
1355,560,2025-07-04 17:20:20.814881
1360,549,2025-07-04 17:20:20.949391
1383,414,2025-07-04 17:20:21.080263
1374,382,2025-07-04 17:20:21.190661
1371,356,2025-07-04 17:20:21.314680
1368,332,2025-07-04 17:20:21.456441
1366,314,2025-07-04 17:20:21.583097
1362,305,2025-07-04 17:20:21.713520
1367,294,2025-07-04 17:20:21.848136
1375,286,2025-07-04 17:20:21.967550
1376,280,2025-07-04 17:20:22.097913
1373,318,2025-07-04 17:20:22.226133
1371,329,2025-07-04 17:20:22.350211
1310,728,2025-07-04 17:20:22.481525
1312,780,2025-07-04 17:20:22.627245
1297,824,2025-07-04 17:20:22.773246
1266,806,2025-07-04 17:20:22.932984
1235,772,2025-07-04 17:20:23.075200
1259,721,2025-07-04 17:20:23.210688
1298,685,2025-07-04 17:20:23.362317
1312,682,2025-07-04 17:20:23.503653
1321,693,2025-07-04 17:20:23.624166
1295,659,2025-07-04 17:20:23.752715
1261,625,2025-07-04 17:20:23.871730
1240,643,2025-07-04 17:20:23.995655
1266,748,2025-07-04 17:20:24.129296
1280,772,2025-07-04 17:20:24.272260
1297,789,2025-07-04 17:20:24.412134
1304,790,2025-07-04 17:20:24.548512
1313,789,2025-07-04 17:20:24.679596
1320,789,2025-07-04 17:20:24.814809
1323,789,2025-07-04 17:20:24.950782
1308,781,2025-07-04 17:20:25.077394
1279,780,2025-07-04 17:20:25.205152
1265,781,2025-07-04 17:20:25.325686
1233,780,2025-07-04 17:20:25.467795
1225,780,2025-07-04 17:20:25.604003
1220,778,2025-07-04 17:20:25.739399
1217,778,2025-07-04 17:20:25.897259
1239,775,2025-07-04 17:20:26.039549
1258,774,2025-07-04 17:20:26.160914
1275,773,2025-07-04 17:20:26.277432
1308,770,2025-07-04 17:20:26.403995
1322,769,2025-07-04 17:20:26.527268
1332,771,2025-07-04 17:20:26.656473
1336,773,2025-07-04 17:20:26.772034
1312,782,2025-07-04 17:20:26.888150
1250,793,2025-07-04 17:20:27.156693
1235,796,2025-07-04 17:20:27.295016
1248,811,2025-07-04 17:20:27.429666
1266,814,2025-07-04 17:20:27.563336
1284,811,2025-07-04 17:20:27.695516
1311,817,2025-07-04 17:20:27.819476
1317,817,2025-07-04 17:20:27.942802
1322,819,2025-07-04 17:20:28.070663
1326,820,2025-07-04 17:20:28.192966
1330,821,2025-07-04 17:20:28.332784
1333,820,2025-07-04 17:20:28.461379
1337,817,2025-07-04 17:20:28.606648
1339,815,2025-07-04 17:20:28.732962
1340,815,2025-07-04 17:20:28.860942
1341,815,2025-07-04 17:20:28.983118
1340,814,2025-07-04 17:20:29.115029
1344,817,2025-07-04 17:20:29.241743
1343,821,2025-07-04 17:20:29.378331
1351,900,2025-07-04 17:20:29.512431
1356,895,2025-07-04 17:20:29.644956
1365,885,2025-07-04 17:20:29.771183
1380,877,2025-07-04 17:20:29.910760
1390,876,2025-07-04 17:20:30.042335
1395,871,2025-07-04 17:20:30.163409
1400,868,2025-07-04 17:20:30.289632
1397,853,2025-07-04 17:20:30.423637
1388,854,2025-07-04 17:20:30.563893
1379,867,2025-07-04 17:20:30.695233
1372,872,2025-07-04 17:20:30.813591
1358,861,2025-07-04 17:20:30.943234
1254,817,2025-07-04 17:20:31.199610
1238,805,2025-07-04 17:20:31.330704
1243,794,2025-07-04 17:20:31.466109
1268,795,2025-07-04 17:20:31.604871
1291,792,2025-07-04 17:20:31.753728
1318,795,2025-07-04 17:20:31.886882
1335,794,2025-07-04 17:20:32.009620
1352,791,2025-07-04 17:20:32.126549
1361,788,2025-07-04 17:20:32.257504
1365,788,2025-07-04 17:20:32.393637
1369,790,2025-07-04 17:20:32.527945
1372,790,2025-07-04 17:20:32.660318
1375,798,2025-07-04 17:20:32.776441
1368,803,2025-07-04 17:20:32.910613
1364,807,2025-07-04 17:20:33.042336
1362,812,2025-07-04 17:20:33.176247
1361,819,2025-07-04 17:20:33.286770
1358,825,2025-07-04 17:20:33.424028
1356,828,2025-07-04 17:20:33.539096
1353,832,2025-07-04 17:20:33.670045
1349,833,2025-07-04 17:20:33.815307
1371,842,2025-07-04 17:20:33.960988
1382,844,2025-07-04 17:20:34.105767
1387,843,2025-07-04 17:20:34.244867
1392,845,2025-07-04 17:20:34.380892
1396,848,2025-07-04 17:20:34.513826
1416,850,2025-07-04 17:20:34.650316
1432,849,2025-07-04 17:20:34.774748
1443,850,2025-07-04 17:20:34.907796
1448,850,2025-07-04 17:20:35.023624
1448,836,2025-07-04 17:20:35.149129
1430,825,2025-07-04 17:20:35.268991
1417,819,2025-07-04 17:20:35.388148
1397,809,2025-07-04 17:20:35.518025
1390,807,2025-07-04 17:20:35.634212
1381,812,2025-07-04 17:20:35.754720
1372,813,2025-07-04 17:20:35.872236
1368,814,2025-07-04 17:20:35.990894
1367,818,2025-07-04 17:20:36.122110
1372,821,2025-07-04 17:20:36.261759
1373,843,2025-07-04 17:20:36.388165
1357,860,2025-07-04 17:20:36.516732
1337,859,2025-07-04 17:20:36.636936
1314,860,2025-07-04 17:20:36.764769
1286,867,2025-07-04 17:20:36.897859
1276,860,2025-07-04 17:20:37.039863
1290,783,2025-07-04 17:20:37.180478
1304,777,2025-07-04 17:20:37.338435
1324,772,2025-07-04 17:20:37.503026
1334,770,2025-07-04 17:20:37.639589
1308,764,2025-07-04 17:20:37.776868
1158,732,2025-07-04 17:20:38.036239
1097,720,2025-07-04 17:20:38.168364
1060,714,2025-07-04 17:20:38.294280
1040,712,2025-07-04 17:20:38.418775
1228,708,2025-07-04 17:20:38.704487
1271,710,2025-07-04 17:20:38.839208
1298,713,2025-07-04 17:20:38.970599
1302,716,2025-07-04 17:20:39.110890
1277,725,2025-07-04 17:20:39.261484
1259,736,2025-07-04 17:20:39.395862
1240,761,2025-07-04 17:20:39.521587
1230,778,2025-07-04 17:20:39.653755
1217,791,2025-07-04 17:20:39.806171
1211,804,2025-07-04 17:20:39.951501
1319,861,2025-07-04 17:20:40.223861
1341,905,2025-07-04 17:20:40.348660
1345,943,2025-07-04 17:20:40.485314
1341,965,2025-07-04 17:20:40.616793
1323,975,2025-07-04 17:20:40.747352
1296,971,2025-07-04 17:20:40.864751
1275,966,2025-07-04 17:20:41.002171
1243,958,2025-07-04 17:20:41.118302
1241,954,2025-07-04 17:20:41.251431
1274,952,2025-07-04 17:20:41.384764
1317,956,2025-07-04 17:20:41.516619
1337,955,2025-07-04 17:20:41.630864
1347,955,2025-07-04 17:20:41.745115
1351,954,2025-07-04 17:20:41.862978
1356,949,2025-07-04 17:20:41.981731
1360,947,2025-07-04 17:20:42.103155
1367,945,2025-07-04 17:20:42.243239
1392,945,2025-07-04 17:20:42.386654
1403,945,2025-07-04 17:20:42.522897
1411,945,2025-07-04 17:20:42.645104
1417,946,2025-07-04 17:20:42.764571
1435,946,2025-07-04 17:20:42.901394
1446,945,2025-07-04 17:20:43.031469
1451,944,2025-07-04 17:20:43.164208
1456,945,2025-07-04 17:20:43.292288
1448,951,2025-07-04 17:20:43.414600
1306,973,2025-07-04 17:20:43.656568
1278,974,2025-07-04 17:20:43.774718
1250,974,2025-07-04 17:20:43.938173
1238,974,2025-07-04 17:20:44.064392
1241,973,2025-07-04 17:20:44.197591
1263,974,2025-07-04 17:20:44.343788
1288,974,2025-07-04 17:20:44.480122
1307,971,2025-07-04 17:20:44.607889
1329,971,2025-07-04 17:20:44.723919
1336,970,2025-07-04 17:20:44.839506
1343,970,2025-07-04 17:20:44.963215
1333,856,2025-07-04 17:20:45.246690
1333,832,2025-07-04 17:20:45.382148
1335,823,2025-07-04 17:20:45.521151
1335,815,2025-07-04 17:20:45.663080
1311,799,2025-07-04 17:20:45.796352
1285,797,2025-07-04 17:20:45.927927
1265,797,2025-07-04 17:20:46.056837
1238,793,2025-07-04 17:20:46.171034
1226,791,2025-07-04 17:20:46.291940
1223,791,2025-07-04 17:20:46.432460
1224,775,2025-07-04 17:20:46.567222
1238,750,2025-07-04 17:20:46.680955
1300,523,2025-07-04 17:20:47.057090
1315,467,2025-07-04 17:20:47.180604
1330,434,2025-07-04 17:20:47.312117
1338,427,2025-07-04 17:20:47.447790
1357,445,2025-07-04 17:20:47.575981
1350,536,2025-07-04 17:20:47.823525
1344,542,2025-07-04 17:20:47.951727
1350,530,2025-07-04 17:20:48.091498
1362,551,2025-07-04 17:20:48.222127
1350,617,2025-07-04 17:20:48.483507
1351,632,2025-07-04 17:20:48.604493
1325,640,2025-07-04 17:20:48.727363
1299,656,2025-07-04 17:20:48.858629
1281,658,2025-07-04 17:20:48.996596
1260,663,2025-07-04 17:20:49.127072
1255,665,2025-07-04 17:20:49.260265
1273,666,2025-07-04 17:20:49.397278
1291,664,2025-07-04 17:20:49.528787
1307,663,2025-07-04 17:20:49.645041
1325,662,2025-07-04 17:20:49.765276
1338,661,2025-07-04 17:20:49.886321
1354,659,2025-07-04 17:20:50.031477
1363,659,2025-07-04 17:20:50.159660
1367,659,2025-07-04 17:20:50.287515
1370,659,2025-07-04 17:20:50.422455
1373,659,2025-07-04 17:20:50.571705
1377,641,2025-07-04 17:20:50.699008
1375,634,2025-07-04 17:20:50.827482
1375,632,2025-07-04 17:20:50.965409
1358,630,2025-07-04 17:20:51.101165
1346,626,2025-07-04 17:20:51.237135
1336,612,2025-07-04 17:20:51.359359
1336,604,2025-07-04 17:20:51.489237
1336,569,2025-07-04 17:20:51.609244
1386,304,2025-07-04 17:20:51.858925
1393,253,2025-07-04 17:20:51.986150
1395,223,2025-07-04 17:20:52.118840
1394,214,2025-07-04 17:20:52.242284
1392,207,2025-07-04 17:20:52.364850
1396,200,2025-07-04 17:20:52.487239
1397,197,2025-07-04 17:20:52.607398
1399,193,2025-07-04 17:20:52.731093
1400,190,2025-07-04 17:20:52.854229
1400,188,2025-07-04 17:20:52.982047
1402,188,2025-07-04 17:20:53.103808
1403,188,2025-07-04 17:20:53.233735
1404,187,2025-07-04 17:20:53.364156
1405,186,2025-07-04 17:20:53.498217
1406,185,2025-07-04 17:20:53.648287
1425,202,2025-07-04 17:20:53.790365
1566,337,2025-07-04 17:20:53.933368
1477,564,2025-07-04 17:20:54.061573
1395,623,2025-07-04 17:20:54.195264
1091,789,2025-07-04 17:20:54.441182
959,798,2025-07-04 17:20:54.572968
911,801,2025-07-04 17:20:54.710910
891,801,2025-07-04 17:20:54.840346
889,804,2025-07-04 17:20:54.971540
899,787,2025-07-04 17:20:55.106818
912,765,2025-07-04 17:20:55.238137
918,764,2025-07-04 17:20:55.354030
920,760,2025-07-04 17:20:55.465187
792,750,2025-07-04 17:20:55.583615
615,675,2025-07-04 17:20:55.691439
441,414,2025-07-04 17:20:55.823778
418,365,2025-07-04 17:20:55.954316
409,348,2025-07-04 17:20:56.087236
434,664,2025-07-04 17:20:56.239929
441,730,2025-07-04 17:20:56.375613
448,752,2025-07-04 17:20:56.514263
478,775,2025-07-04 17:20:56.660996
486,783,2025-07-04 17:20:56.792248
481,805,2025-07-04 17:20:56.941648
455,818,2025-07-04 17:20:57.076379
1051,514,2025-07-04 17:20:57.303811
1155,460,2025-07-04 17:20:57.420896
1284,362,2025-07-04 17:20:57.534700
1305,309,2025-07-04 17:20:57.670297
1317,271,2025-07-04 17:20:57.804738
1319,245,2025-07-04 17:20:57.928768
1305,268,2025-07-04 17:20:58.059503
1288,356,2025-07-04 17:20:58.181320
1286,380,2025-07-04 17:20:58.304589
1285,397,2025-07-04 17:20:58.432222
1086,651,2025-07-04 17:20:58.679269
673,768,2025-07-04 17:20:58.795599
451,745,2025-07-04 17:20:59.073999
416,564,2025-07-04 17:20:59.365680
442,525,2025-07-04 17:20:59.496078
472,505,2025-07-04 17:20:59.627505
423,753,2025-07-04 17:20:59.748921
385,864,2025-07-04 17:20:59.864726
373,907,2025-07-04 17:20:59.998517
370,912,2025-07-04 17:21:00.117730
416,779,2025-07-04 17:21:00.251702
463,575,2025-07-04 17:21:00.374690
482,533,2025-07-04 17:21:00.498681
479,514,2025-07-04 17:21:00.627936
465,498,2025-07-04 17:21:00.740510
457,496,2025-07-04 17:21:00.865375
453,494,2025-07-04 17:21:00.988374
450,496,2025-07-04 17:21:01.131053
447,496,2025-07-04 17:21:01.270986
458,491,2025-07-04 17:21:01.411833
469,489,2025-07-04 17:21:01.533374
475,487,2025-07-04 17:21:01.651971
478,487,2025-07-04 17:21:01.794014
216,1023,2025-07-04 17:21:01.940272
371,653,2025-07-04 17:21:02.077615
447,530,2025-07-04 17:21:02.207189
482,494,2025-07-04 17:21:02.333832
504,479,2025-07-04 17:21:02.474655
514,476,2025-07-04 17:21:02.602140
518,472,2025-07-04 17:21:02.732935
524,476,2025-07-04 17:21:02.864406
529,482,2025-07-04 17:21:02.992208
535,484,2025-07-04 17:21:03.148527
548,492,2025-07-04 17:21:03.281731
556,493,2025-07-04 17:21:03.400112
561,494,2025-07-04 17:21:03.514290
564,495,2025-07-04 17:21:03.627057
571,494,2025-07-04 17:21:03.767830
581,492,2025-07-04 17:21:03.898937
592,496,2025-07-04 17:21:04.014490
612,495,2025-07-04 17:21:04.144480
628,492,2025-07-04 17:21:04.275484
639,493,2025-07-04 17:21:04.404658
649,494,2025-07-04 17:21:04.531599
675,489,2025-07-04 17:21:04.666877
696,489,2025-07-04 17:21:04.802339
709,489,2025-07-04 17:21:04.939843
729,488,2025-07-04 17:21:05.087529
761,487,2025-07-04 17:21:05.235990
783,485,2025-07-04 17:21:05.356946
800,481,2025-07-04 17:21:05.496962
824,478,2025-07-04 17:21:05.622595
842,482,2025-07-04 17:21:05.740751
859,477,2025-07-04 17:21:05.859168
875,478,2025-07-04 17:21:05.996804
899,479,2025-07-04 17:21:06.132940
917,482,2025-07-04 17:21:06.256245
930,480,2025-07-04 17:21:06.374460
945,478,2025-07-04 17:21:06.506439
956,481,2025-07-04 17:21:06.629177
971,482,2025-07-04 17:21:06.757721
987,482,2025-07-04 17:21:06.864745
1009,482,2025-07-04 17:21:06.995911
1019,481,2025-07-04 17:21:07.112051
745,494,2025-07-04 17:21:07.239964
503,509,2025-07-04 17:21:07.370509
455,513,2025-07-04 17:21:07.499451
422,516,2025-07-04 17:21:07.628861
408,517,2025-07-04 17:21:07.761605
401,520,2025-07-04 17:21:07.895060
398,519,2025-07-04 17:21:08.015721
396,519,2025-07-04 17:21:08.143973
401,519,2025-07-04 17:21:08.283719
424,519,2025-07-04 17:21:08.410218
442,518,2025-07-04 17:21:08.544390
467,520,2025-07-04 17:21:08.669191
495,520,2025-07-04 17:21:08.797822
510,519,2025-07-04 17:21:08.929728
521,514,2025-07-04 17:21:09.048663
531,514,2025-07-04 17:21:09.179770
538,514,2025-07-04 17:21:09.293197
543,531,2025-07-04 17:21:09.427617
542,531,2025-07-04 17:21:09.565109
561,539,2025-07-04 17:21:09.677171
572,534,2025-07-04 17:21:09.804489
578,531,2025-07-04 17:21:09.925063
582,528,2025-07-04 17:21:10.040526
588,523,2025-07-04 17:21:10.182692
612,519,2025-07-04 17:21:10.317501
631,516,2025-07-04 17:21:10.449858
642,517,2025-07-04 17:21:10.588104
655,518,2025-07-04 17:21:10.710540
705,515,2025-07-04 17:21:10.841686
732,517,2025-07-04 17:21:10.975606
779,522,2025-07-04 17:21:11.111996
813,523,2025-07-04 17:21:11.242024
855,522,2025-07-04 17:21:11.376335
893,522,2025-07-04 17:21:11.513867
934,521,2025-07-04 17:21:11.645227
976,520,2025-07-04 17:21:11.770253
1004,522,2025-07-04 17:21:11.891716
760,534,2025-07-04 17:21:12.019644
471,548,2025-07-04 17:21:12.267063
454,551,2025-07-04 17:21:12.387426
440,551,2025-07-04 17:21:12.517588
608,548,2025-07-04 17:21:12.795134
671,549,2025-07-04 17:21:12.938348
726,551,2025-07-04 17:21:13.080931
750,551,2025-07-04 17:21:13.211688
781,550,2025-07-04 17:21:13.344918
794,554,2025-07-04 17:21:13.483559
805,554,2025-07-04 17:21:13.627762
813,554,2025-07-04 17:21:13.766845
818,554,2025-07-04 17:21:13.895701
829,554,2025-07-04 17:21:14.033153
842,556,2025-07-04 17:21:14.157094
854,557,2025-07-04 17:21:14.277451
860,556,2025-07-04 17:21:14.406711
870,555,2025-07-04 17:21:14.539863
900,556,2025-07-04 17:21:14.664976
924,554,2025-07-04 17:21:14.792330
956,554,2025-07-04 17:21:14.923392
762,571,2025-07-04 17:21:15.055711
617,581,2025-07-04 17:21:15.191721
453,588,2025-07-04 17:21:15.323057
434,584,2025-07-04 17:21:15.458889
411,585,2025-07-04 17:21:15.581906
404,584,2025-07-04 17:21:15.711968
396,582,2025-07-04 17:21:15.841075
397,583,2025-07-04 17:21:15.982502
421,584,2025-07-04 17:21:16.125309
429,584,2025-07-04 17:21:16.264241
431,584,2025-07-04 17:21:16.390404
436,585,2025-07-04 17:21:16.522265
465,586,2025-07-04 17:21:16.655566
474,581,2025-07-04 17:21:16.784099
485,580,2025-07-04 17:21:16.912980
499,579,2025-07-04 17:21:17.039927
517,580,2025-07-04 17:21:17.167342
538,581,2025-07-04 17:21:17.296089
553,582,2025-07-04 17:21:17.427110
577,581,2025-07-04 17:21:17.552912
596,581,2025-07-04 17:21:17.671283
616,584,2025-07-04 17:21:17.806982
631,581,2025-07-04 17:21:17.941287
647,582,2025-07-04 17:21:18.054237
661,582,2025-07-04 17:21:18.171244
666,584,2025-07-04 17:21:18.287717
678,582,2025-07-04 17:21:18.406827
697,583,2025-07-04 17:21:18.565260
717,584,2025-07-04 17:21:18.712278
739,582,2025-07-04 17:21:18.846134
762,587,2025-07-04 17:21:18.969453
792,592,2025-07-04 17:21:19.107544
827,594,2025-07-04 17:21:19.229089
857,592,2025-07-04 17:21:19.346272
879,594,2025-07-04 17:21:19.462914
894,594,2025-07-04 17:21:19.584078
911,592,2025-07-04 17:21:19.722729
926,589,2025-07-04 17:21:19.855772
942,588,2025-07-04 17:21:19.978909
952,588,2025-07-04 17:21:20.097300
973,585,2025-07-04 17:21:20.218530
707,597,2025-07-04 17:21:20.344198
568,601,2025-07-04 17:21:20.456504
480,608,2025-07-04 17:21:20.583853
434,608,2025-07-04 17:21:20.710508
421,608,2025-07-04 17:21:20.835446
412,610,2025-07-04 17:21:20.958461
409,610,2025-07-04 17:21:21.081204
405,610,2025-07-04 17:21:21.217795
403,608,2025-07-04 17:21:21.351237
403,609,2025-07-04 17:21:21.473928
358,681,2025-07-04 17:21:21.607694
386,655,2025-07-04 17:21:21.736186
423,636,2025-07-04 17:21:21.863151
436,628,2025-07-04 17:21:21.994793
445,625,2025-07-04 17:21:22.100857
453,623,2025-07-04 17:21:22.228280
480,618,2025-07-04 17:21:22.369637
501,612,2025-07-04 17:21:22.501048
514,616,2025-07-04 17:21:22.633064
537,613,2025-07-04 17:21:22.763017
559,612,2025-07-04 17:21:22.895268
573,610,2025-07-04 17:21:23.059765
583,610,2025-07-04 17:21:23.200075
593,613,2025-07-04 17:21:23.317705
608,614,2025-07-04 17:21:23.443414
617,614,2025-07-04 17:21:23.558158
623,614,2025-07-04 17:21:23.673843
636,616,2025-07-04 17:21:23.793427
659,613,2025-07-04 17:21:23.937665
675,615,2025-07-04 17:21:24.082186
695,615,2025-07-04 17:21:24.229427
726,615,2025-07-04 17:21:24.366186
743,614,2025-07-04 17:21:24.501156
764,618,2025-07-04 17:21:24.633316
787,617,2025-07-04 17:21:24.753407
809,619,2025-07-04 17:21:24.875793
833,618,2025-07-04 17:21:24.990032
856,619,2025-07-04 17:21:25.113593
875,618,2025-07-04 17:21:25.240607
895,618,2025-07-04 17:21:25.367218
928,619,2025-07-04 17:21:25.490905
943,617,2025-07-04 17:21:25.612008
966,617,2025-07-04 17:21:25.739794
1006,613,2025-07-04 17:21:25.859578
1028,612,2025-07-04 17:21:25.975577
819,622,2025-07-04 17:21:26.097603
611,633,2025-07-04 17:21:26.208744
472,641,2025-07-04 17:21:26.324724
436,643,2025-07-04 17:21:26.443200
417,646,2025-07-04 17:21:26.580260
406,645,2025-07-04 17:21:26.709456
401,646,2025-07-04 17:21:26.865592
399,645,2025-07-04 17:21:26.991323
397,647,2025-07-04 17:21:27.114521
396,647,2025-07-04 17:21:27.248691
396,645,2025-07-04 17:21:27.373950
396,644,2025-07-04 17:21:27.498350
399,644,2025-07-04 17:21:27.636320
401,643,2025-07-04 17:21:27.756956
411,644,2025-07-04 17:21:27.896783
432,645,2025-07-04 17:21:28.023512
442,645,2025-07-04 17:21:28.165183
452,643,2025-07-04 17:21:28.287656
461,644,2025-07-04 17:21:28.407010
474,645,2025-07-04 17:21:28.521441
498,644,2025-07-04 17:21:28.642704
533,647,2025-07-04 17:21:28.776609
555,648,2025-07-04 17:21:28.911623
593,648,2025-07-04 17:21:29.039950
616,645,2025-07-04 17:21:29.164398
637,647,2025-07-04 17:21:29.297638
666,648,2025-07-04 17:21:29.439035
685,651,2025-07-04 17:21:29.584480
700,650,2025-07-04 17:21:29.713918
716,651,2025-07-04 17:21:29.854687
726,651,2025-07-04 17:21:29.994139
736,655,2025-07-04 17:21:30.128120
754,653,2025-07-04 17:21:30.263321
773,657,2025-07-04 17:21:30.385619
782,657,2025-07-04 17:21:30.510648
791,660,2025-07-04 17:21:30.629737
806,662,2025-07-04 17:21:30.752851
830,660,2025-07-04 17:21:30.870998
844,661,2025-07-04 17:21:30.983686
862,659,2025-07-04 17:21:31.109955
893,656,2025-07-04 17:21:31.235821
916,655,2025-07-04 17:21:31.353669
927,657,2025-07-04 17:21:31.472534
956,650,2025-07-04 17:21:31.602738
963,648,2025-07-04 17:21:31.718280
726,664,2025-07-04 17:21:31.836338
567,676,2025-07-04 17:21:31.958202
500,681,2025-07-04 17:21:32.085934
498,679,2025-07-04 17:21:32.228598
517,679,2025-07-04 17:21:32.372901
535,677,2025-07-04 17:21:32.493954
581,674,2025-07-04 17:21:32.624826
603,673,2025-07-04 17:21:32.762529
617,673,2025-07-04 17:21:32.883738
610,702,2025-07-04 17:21:33.008786
546,755,2025-07-04 17:21:33.247505
536,766,2025-07-04 17:21:33.382289
722,793,2025-07-04 17:21:33.512447
936,779,2025-07-04 17:21:33.637190
996,774,2025-07-04 17:21:33.768017
1024,718,2025-07-04 17:21:33.905693
1013,537,2025-07-04 17:21:34.149829
1002,507,2025-07-04 17:21:34.274041
1001,484,2025-07-04 17:21:34.390712
1007,467,2025-07-04 17:21:34.535309
1010,449,2025-07-04 17:21:34.666880
1005,439,2025-07-04 17:21:34.792515
1006,436,2025-07-04 17:21:34.919300
1006,433,2025-07-04 17:21:35.044790
1007,433,2025-07-04 17:21:35.181828
1006,430,2025-07-04 17:21:35.306540
1007,433,2025-07-04 17:21:35.453005
1005,434,2025-07-04 17:21:35.581282
1002,434,2025-07-04 17:21:35.710558
927,541,2025-07-04 17:21:35.829311
706,788,2025-07-04 17:21:35.950722
516,979,2025-07-04 17:21:36.067627
479,989,2025-07-04 17:21:36.188700
452,990,2025-07-04 17:21:36.324309
434,970,2025-07-04 17:21:36.457690
414,932,2025-07-04 17:21:36.597827
394,756,2025-07-04 17:21:36.861200
392,643,2025-07-04 17:21:37.125997
389,628,2025-07-04 17:21:37.257403
387,621,2025-07-04 17:21:37.391345
387,617,2025-07-04 17:21:37.507985
392,617,2025-07-04 17:21:37.643386
396,615,2025-07-04 17:21:37.760117
798,552,2025-07-04 17:21:38.040424
627,595,2025-07-04 17:21:38.180034
488,621,2025-07-04 17:21:38.316878
448,629,2025-07-04 17:21:38.438554
422,609,2025-07-04 17:21:38.554964
402,589,2025-07-04 17:21:38.685781
398,560,2025-07-04 17:21:38.807075
392,539,2025-07-04 17:21:38.933682
393,523,2025-07-04 17:21:39.082539
402,518,2025-07-04 17:21:39.220530
449,519,2025-07-04 17:21:39.345846
464,530,2025-07-04 17:21:39.466643
493,549,2025-07-04 17:21:39.590820
479,559,2025-07-04 17:21:39.722096
464,571,2025-07-04 17:21:39.853186
450,591,2025-07-04 17:21:39.967669
441,595,2025-07-04 17:21:40.112221
434,594,2025-07-04 17:21:40.243978
437,578,2025-07-04 17:21:40.371384
448,596,2025-07-04 17:21:40.510365
469,799,2025-07-04 17:21:40.792837
473,819,2025-07-04 17:21:40.928669
474,829,2025-07-04 17:21:41.081394
461,841,2025-07-04 17:21:41.207325
444,830,2025-07-04 17:21:41.323649
435,826,2025-07-04 17:21:41.461346
428,824,2025-07-04 17:21:41.592130
416,824,2025-07-04 17:21:41.718516
865,802,2025-07-04 17:21:41.851472
1104,805,2025-07-04 17:21:41.972648
1165,824,2025-07-04 17:21:42.095689
1201,850,2025-07-04 17:21:42.217280
1217,873,2025-07-04 17:21:42.352972
1219,891,2025-07-04 17:21:42.501501
1220,903,2025-07-04 17:21:42.675573
1211,893,2025-07-04 17:21:42.802174
847,756,2025-07-04 17:21:42.935002
587,687,2025-07-04 17:21:43.049521
501,673,2025-07-04 17:21:43.166978
450,667,2025-07-04 17:21:43.304448
433,664,2025-07-04 17:21:43.440443
428,664,2025-07-04 17:21:43.579539
423,664,2025-07-04 17:21:43.732668
436,661,2025-07-04 17:21:43.872720
455,662,2025-07-04 17:21:44.013266
468,660,2025-07-04 17:21:44.135775
475,660,2025-07-04 17:21:44.244662
480,657,2025-07-04 17:21:44.367224
488,658,2025-07-04 17:21:44.500322
494,656,2025-07-04 17:21:44.628108
500,654,2025-07-04 17:21:44.769044
508,657,2025-07-04 17:21:44.909440
522,657,2025-07-04 17:21:45.032148
537,660,2025-07-04 17:21:45.168615
564,662,2025-07-04 17:21:45.280704
594,666,2025-07-04 17:21:45.394766
617,666,2025-07-04 17:21:45.527292
636,666,2025-07-04 17:21:45.666130
646,667,2025-07-04 17:21:45.801494
656,667,2025-07-04 17:21:45.937785
670,666,2025-07-04 17:21:46.066270
700,668,2025-07-04 17:21:46.206871
720,668,2025-07-04 17:21:46.330102
741,668,2025-07-04 17:21:46.466978
768,668,2025-07-04 17:21:46.605498
777,668,2025-07-04 17:21:46.736352
748,671,2025-07-04 17:21:46.871022
552,679,2025-07-04 17:21:46.994393
486,684,2025-07-04 17:21:47.129772
460,684,2025-07-04 17:21:47.249909
452,685,2025-07-04 17:21:47.372123
461,684,2025-07-04 17:21:47.485381
482,685,2025-07-04 17:21:47.620245
501,687,2025-07-04 17:21:47.738062
533,687,2025-07-04 17:21:47.847429
563,688,2025-07-04 17:21:47.972975
577,690,2025-07-04 17:21:48.080503
588,692,2025-07-04 17:21:48.219443
598,692,2025-07-04 17:21:48.346388
604,694,2025-07-04 17:21:48.479513
610,693,2025-07-04 17:21:48.616787
594,692,2025-07-04 17:21:48.732122
428,695,2025-07-04 17:21:49.129742
409,694,2025-07-04 17:21:49.274042
402,693,2025-07-04 17:21:49.429732
397,693,2025-07-04 17:21:49.564873
394,693,2025-07-04 17:21:49.698436
392,693,2025-07-04 17:21:49.830032
392,693,2025-07-04 17:21:49.947719
392,693,2025-07-04 17:21:50.064485
393,693,2025-07-04 17:21:50.196093
405,693,2025-07-04 17:21:50.328166
432,691,2025-07-04 17:21:50.462197
506,688,2025-07-04 17:21:50.711231
531,690,2025-07-04 17:21:50.837311
551,689,2025-07-04 17:21:50.952408
570,692,2025-07-04 17:21:51.085434
591,692,2025-07-04 17:21:51.208132
605,690,2025-07-04 17:21:51.330401
616,692,2025-07-04 17:21:51.461355
633,692,2025-07-04 17:21:51.600232
647,691,2025-07-04 17:21:51.733979
655,692,2025-07-04 17:21:51.868931
660,693,2025-07-04 17:21:52.003596
665,693,2025-07-04 17:21:52.133447
675,695,2025-07-04 17:21:52.264559
691,694,2025-07-04 17:21:52.397620
698,695,2025-07-04 17:21:52.526569
517,686,2025-07-04 17:21:52.645759
447,684,2025-07-04 17:21:52.778686
405,685,2025-07-04 17:21:52.906333
384,718,2025-07-04 17:21:53.026681
371,696,2025-07-04 17:21:53.167065
359,856,2025-07-04 17:21:53.296646
365,877,2025-07-04 17:21:53.412095
365,882,2025-07-04 17:21:53.545320
377,861,2025-07-04 17:21:53.680291
385,845,2025-07-04 17:21:53.809687
407,825,2025-07-04 17:21:53.959126
432,789,2025-07-04 17:21:54.075249
469,766,2025-07-04 17:21:54.208558
723,734,2025-07-04 17:21:54.335346
759,728,2025-07-04 17:21:54.451083
794,723,2025-07-04 17:21:54.581928
822,713,2025-07-04 17:21:54.710617
842,709,2025-07-04 17:21:54.847540
859,705,2025-07-04 17:21:54.977025
889,703,2025-07-04 17:21:55.122641
906,699,2025-07-04 17:21:55.281673
914,696,2025-07-04 17:21:55.403043
917,695,2025-07-04 17:21:55.534679
911,696,2025-07-04 17:21:55.643642
902,696,2025-07-04 17:21:55.762679
869,696,2025-07-04 17:21:55.887804
834,698,2025-07-04 17:21:55.991111
819,698,2025-07-04 17:21:56.121794
783,700,2025-07-04 17:21:56.257007
771,702,2025-07-04 17:21:56.390608
786,699,2025-07-04 17:21:56.524106
802,698,2025-07-04 17:21:56.651213
829,698,2025-07-04 17:21:56.765680
854,698,2025-07-04 17:21:56.875032
864,698,2025-07-04 17:21:57.000152
871,698,2025-07-04 17:21:57.113357
875,696,2025-07-04 17:21:57.237344
888,700,2025-07-04 17:21:57.399891
909,700,2025-07-04 17:21:57.532589
763,705,2025-07-04 17:21:57.661215
523,713,2025-07-04 17:21:57.811254
446,715,2025-07-04 17:21:57.942486
428,717,2025-07-04 17:21:58.081080
421,717,2025-07-04 17:21:58.212663
428,718,2025-07-04 17:21:58.339433
440,717,2025-07-04 17:21:58.477726
461,718,2025-07-04 17:21:58.610228
477,719,2025-07-04 17:21:58.722602
513,722,2025-07-04 17:21:58.841604
534,723,2025-07-04 17:21:58.967636
555,723,2025-07-04 17:21:59.098513
568,725,2025-07-04 17:21:59.232863
579,724,2025-07-04 17:21:59.346490
590,724,2025-07-04 17:21:59.474314
605,728,2025-07-04 17:21:59.610063
620,730,2025-07-04 17:21:59.740444
633,729,2025-07-04 17:21:59.856986
643,728,2025-07-04 17:21:59.977486
652,729,2025-07-04 17:22:00.101303
673,730,2025-07-04 17:22:00.219623
694,734,2025-07-04 17:22:00.364507
712,733,2025-07-04 17:22:00.496920
730,730,2025-07-04 17:22:00.623281
758,731,2025-07-04 17:22:00.767039
781,732,2025-07-04 17:22:00.903339
803,732,2025-07-04 17:22:01.041360
825,732,2025-07-04 17:22:01.153542
656,740,2025-07-04 17:22:01.279634
488,751,2025-07-04 17:22:01.395893
441,756,2025-07-04 17:22:01.569464
418,761,2025-07-04 17:22:01.685989
409,760,2025-07-04 17:22:01.818270
403,763,2025-07-04 17:22:01.952393
399,760,2025-07-04 17:22:02.084924
397,763,2025-07-04 17:22:02.205228
400,761,2025-07-04 17:22:02.321091
404,757,2025-07-04 17:22:02.460620
406,757,2025-07-04 17:22:02.578833
413,758,2025-07-04 17:22:02.712671
443,760,2025-07-04 17:22:02.845958
452,758,2025-07-04 17:22:02.983572
484,839,2025-07-04 17:22:03.272575
511,788,2025-07-04 17:22:03.408999
520,773,2025-07-04 17:22:03.539418
524,767,2025-07-04 17:22:03.689374
526,761,2025-07-04 17:22:03.832736
541,761,2025-07-04 17:22:03.956318
553,757,2025-07-04 17:22:04.082260
560,757,2025-07-04 17:22:04.219769
566,757,2025-07-04 17:22:04.336413
575,759,2025-07-04 17:22:04.467142
592,759,2025-07-04 17:22:04.583960
611,759,2025-07-04 17:22:04.701069
625,759,2025-07-04 17:22:04.817184
651,762,2025-07-04 17:22:04.933747
682,761,2025-07-04 17:22:05.052790
704,760,2025-07-04 17:22:05.169693
730,762,2025-07-04 17:22:05.310997
766,762,2025-07-04 17:22:05.435919
792,761,2025-07-04 17:22:05.567031
816,765,2025-07-04 17:22:05.683616
831,764,2025-07-04 17:22:05.816845
862,764,2025-07-04 17:22:05.953864
883,764,2025-07-04 17:22:06.083023
763,773,2025-07-04 17:22:06.225020
551,784,2025-07-04 17:22:06.355209
449,790,2025-07-04 17:22:06.503755
419,793,2025-07-04 17:22:06.636986
408,796,2025-07-04 17:22:06.770991
401,794,2025-07-04 17:22:06.884466
399,794,2025-07-04 17:22:07.004484
401,795,2025-07-04 17:22:07.128577
405,793,2025-07-04 17:22:07.248562
406,794,2025-07-04 17:22:07.367521
406,794,2025-07-04 17:22:07.480233
406,796,2025-07-04 17:22:07.624202
404,794,2025-07-04 17:22:07.748769
403,794,2025-07-04 17:22:07.881919
402,796,2025-07-04 17:22:08.017241
418,795,2025-07-04 17:22:08.143398
435,794,2025-07-04 17:22:08.267161
447,795,2025-07-04 17:22:08.371099
459,798,2025-07-04 17:22:08.484111
478,801,2025-07-04 17:22:08.606931
501,798,2025-07-04 17:22:08.730437
522,799,2025-07-04 17:22:08.873353
529,800,2025-07-04 17:22:09.007129
534,801,2025-07-04 17:22:09.153365
537,801,2025-07-04 17:22:09.285198
554,797,2025-07-04 17:22:09.422199
567,798,2025-07-04 17:22:09.563141
580,799,2025-07-04 17:22:09.680050
596,797,2025-07-04 17:22:09.808404
616,799,2025-07-04 17:22:09.937576
638,797,2025-07-04 17:22:10.063379
663,795,2025-07-04 17:22:10.196864
684,795,2025-07-04 17:22:10.325535
704,796,2025-07-04 17:22:10.466346
721,797,2025-07-04 17:22:10.596539
728,797,2025-07-04 17:22:10.729655
740,798,2025-07-04 17:22:10.857944
756,798,2025-07-04 17:22:10.976315
783,796,2025-07-04 17:22:11.111943
808,797,2025-07-04 17:22:11.240839
831,794,2025-07-04 17:22:11.361939
850,795,2025-07-04 17:22:11.479473
859,794,2025-07-04 17:22:11.612256
865,794,2025-07-04 17:22:11.747535
867,794,2025-07-04 17:22:11.882255
890,795,2025-07-04 17:22:12.032220
913,796,2025-07-04 17:22:12.174306
807,815,2025-07-04 17:22:12.321043
631,828,2025-07-04 17:22:12.455520
452,826,2025-07-04 17:22:12.736024
422,827,2025-07-04 17:22:12.894687
409,826,2025-07-04 17:22:13.035961
401,827,2025-07-04 17:22:13.163960
396,826,2025-07-04 17:22:13.310396
392,826,2025-07-04 17:22:13.452047
398,826,2025-07-04 17:22:13.584999
404,829,2025-07-04 17:22:13.730893
409,829,2025-07-04 17:22:13.859721
421,827,2025-07-04 17:22:14.006877
445,828,2025-07-04 17:22:14.137496
462,828,2025-07-04 17:22:14.281707
471,827,2025-07-04 17:22:14.421242
491,826,2025-07-04 17:22:14.569902
520,826,2025-07-04 17:22:14.740320
540,827,2025-07-04 17:22:14.883538
555,827,2025-07-04 17:22:15.027930
570,827,2025-07-04 17:22:15.173694
584,826,2025-07-04 17:22:15.312991
593,826,2025-07-04 17:22:15.460594
602,825,2025-07-04 17:22:15.583616
612,826,2025-07-04 17:22:15.724871
623,828,2025-07-04 17:22:15.858552
629,827,2025-07-04 17:22:15.982962
634,827,2025-07-04 17:22:16.108600
647,829,2025-07-04 17:22:16.235913
658,829,2025-07-04 17:22:16.341360
665,829,2025-07-04 17:22:16.460258
669,828,2025-07-04 17:22:16.576733
672,827,2025-07-04 17:22:16.706405
673,828,2025-07-04 17:22:16.832812
675,828,2025-07-04 17:22:16.951398
687,827,2025-07-04 17:22:17.071557
700,827,2025-07-04 17:22:17.178688
716,825,2025-07-04 17:22:17.291606
727,824,2025-07-04 17:22:17.416977
745,824,2025-07-04 17:22:17.523872
773,824,2025-07-04 17:22:17.659338
577,848,2025-07-04 17:22:17.933748
480,854,2025-07-04 17:22:18.084660
464,856,2025-07-04 17:22:18.233649
459,858,2025-07-04 17:22:18.368439
467,861,2025-07-04 17:22:18.501683
475,862,2025-07-04 17:22:18.635142
480,862,2025-07-04 17:22:18.760062
486,863,2025-07-04 17:22:18.872821
506,865,2025-07-04 17:22:19.005613
526,868,2025-07-04 17:22:19.142085
535,870,2025-07-04 17:22:19.266315
539,874,2025-07-04 17:22:19.379885
542,873,2025-07-04 17:22:19.488925
437,900,2025-07-04 17:22:19.758202
415,864,2025-07-04 17:22:19.876859
426,778,2025-07-04 17:22:19.991115
466,716,2025-07-04 17:22:20.127711
596,667,2025-07-04 17:22:20.272185
877,656,2025-07-04 17:22:20.409614
920,652,2025-07-04 17:22:20.540836
935,650,2025-07-04 17:22:20.697456
957,649,2025-07-04 17:22:20.844515
962,649,2025-07-04 17:22:20.979923
969,647,2025-07-04 17:22:21.106900
971,646,2025-07-04 17:22:21.291631
975,644,2025-07-04 17:22:21.441405
981,643,2025-07-04 17:22:21.572981
985,642,2025-07-04 17:22:21.700214
987,641,2025-07-04 17:22:21.836118
989,639,2025-07-04 17:22:21.960098
993,640,2025-07-04 17:22:22.086776
994,639,2025-07-04 17:22:22.189657
997,640,2025-07-04 17:22:22.303372
915,652,2025-07-04 17:22:22.437407
734,689,2025-07-04 17:22:22.555258
607,715,2025-07-04 17:22:22.682510
570,725,2025-07-04 17:22:22.805543
557,731,2025-07-04 17:22:22.947015
550,732,2025-07-04 17:22:23.077192
545,735,2025-07-04 17:22:23.208509
538,736,2025-07-04 17:22:23.328394
536,737,2025-07-04 17:22:23.452235
525,758,2025-07-04 17:22:23.590524
427,937,2025-07-04 17:22:24.038049
418,957,2025-07-04 17:22:24.179833
409,971,2025-07-04 17:22:24.316058
698,865,2025-07-04 17:22:24.452351
1092,692,2025-07-04 17:22:24.587055
1150,666,2025-07-04 17:22:24.715216
1171,655,2025-07-04 17:22:24.847228
1180,650,2025-07-04 17:22:24.980609
1228,650,2025-07-04 17:22:25.102290
1239,666,2025-07-04 17:22:25.239250
1201,646,2025-07-04 17:22:25.352575
1261,700,2025-07-04 17:22:25.467360
1255,716,2025-07-04 17:22:25.585945
1180,806,2025-07-04 17:22:25.690746
1182,796,2025-07-04 17:22:25.801327
1195,762,2025-07-04 17:22:25.916981
1233,749,2025-07-04 17:22:26.052696
1195,688,2025-07-04 17:22:26.183319
1197,680,2025-07-04 17:22:26.307929
1198,673,2025-07-04 17:22:26.433401
1199,669,2025-07-04 17:22:26.601081
1200,668,2025-07-04 17:22:26.729636
1197,668,2025-07-04 17:22:26.862822
1186,666,2025-07-04 17:22:27.005144
1171,662,2025-07-04 17:22:27.154931
1155,657,2025-07-04 17:22:27.301759
1144,655,2025-07-04 17:22:27.434581
1132,654,2025-07-04 17:22:27.550846
1114,759,2025-07-04 17:22:27.670781
1119,825,2025-07-04 17:22:27.799686
1324,676,2025-07-04 17:22:28.159664
1334,653,2025-07-04 17:22:28.304605
1338,644,2025-07-04 17:22:28.437573
1339,656,2025-07-04 17:22:28.564804
1337,676,2025-07-04 17:22:28.707043
1332,682,2025-07-04 17:22:28.831340
1330,689,2025-07-04 17:22:28.971381
1323,694,2025-07-04 17:22:29.090618
1308,700,2025-07-04 17:22:29.209675
1300,836,2025-07-04 17:22:29.475841
1258,874,2025-07-04 17:22:29.620734
1210,897,2025-07-04 17:22:29.750117
1171,903,2025-07-04 17:22:29.896030
1137,897,2025-07-04 17:22:30.041165
1090,707,2025-07-04 17:22:30.300673
1122,665,2025-07-04 17:22:30.437382
1167,629,2025-07-04 17:22:30.564212
1294,620,2025-07-04 17:22:30.689778
1333,625,2025-07-04 17:22:30.838948
1341,640,2025-07-04 17:22:30.976717
1333,659,2025-07-04 17:22:31.105027
1306,681,2025-07-04 17:22:31.226633
1285,707,2025-07-04 17:22:31.341813
1257,726,2025-07-04 17:22:31.459400
1246,733,2025-07-04 17:22:31.584276
1081,874,2025-07-04 17:22:31.710873
1077,858,2025-07-04 17:22:31.849500
1080,840,2025-07-04 17:22:31.979306
1083,830,2025-07-04 17:22:32.095436
1082,824,2025-07-04 17:22:32.233366
1085,820,2025-07-04 17:22:32.376361
1094,830,2025-07-04 17:22:32.504504
1213,908,2025-07-04 17:22:32.776866
1302,707,2025-07-04 17:22:33.094273
1320,659,2025-07-04 17:22:33.225695
1330,648,2025-07-04 17:22:33.352991
1338,635,2025-07-04 17:22:33.482665
1346,630,2025-07-04 17:22:33.608579
1349,623,2025-07-04 17:22:33.725817
1353,622,2025-07-04 17:22:33.836897
1356,620,2025-07-04 17:22:33.969125
1375,617,2025-07-04 17:22:34.093319
1560,596,2025-07-04 17:22:34.212909
1650,585,2025-07-04 17:22:34.337216
1640,588,2025-07-04 17:22:34.460619
1469,611,2025-07-04 17:22:34.585744
1427,613,2025-07-04 17:22:34.694451
1404,626,2025-07-04 17:22:34.826528
1361,648,2025-07-04 17:22:34.965825
1345,656,2025-07-04 17:22:35.091555
1337,661,2025-07-04 17:22:35.235963
1334,665,2025-07-04 17:22:35.379303
1332,669,2025-07-04 17:22:35.521696
1331,670,2025-07-04 17:22:35.662292
1332,669,2025-07-04 17:22:35.795124
1334,668,2025-07-04 17:22:35.926916
1336,664,2025-07-04 17:22:36.062345
1330,656,2025-07-04 17:22:36.192152
1298,648,2025-07-04 17:22:36.326113
1279,645,2025-07-04 17:22:36.461854
1274,642,2025-07-04 17:22:36.584642
1264,662,2025-07-04 17:22:36.695246
1141,810,2025-07-04 17:22:36.813389
1076,858,2025-07-04 17:22:36.925155
747,942,2025-07-04 17:22:37.070125
622,966,2025-07-04 17:22:37.191231
601,960,2025-07-04 17:22:37.325652
772,887,2025-07-04 17:22:37.455596
1040,818,2025-07-04 17:22:37.600106
1170,802,2025-07-04 17:22:37.746213
1187,810,2025-07-04 17:22:37.860574
1185,832,2025-07-04 17:22:37.986082
1184,846,2025-07-04 17:22:38.114920
1134,688,2025-07-04 17:22:38.380203
1141,665,2025-07-04 17:22:38.499070
1163,658,2025-07-04 17:22:38.648797
1349,726,2025-07-04 17:22:38.906814
1399,741,2025-07-04 17:22:39.043469
1417,744,2025-07-04 17:22:39.176039
1422,745,2025-07-04 17:22:39.304050
1274,688,2025-07-04 17:22:39.537696
1258,679,2025-07-04 17:22:39.647774
1274,654,2025-07-04 17:22:39.792089
1347,641,2025-07-04 17:22:39.942004
1386,636,2025-07-04 17:22:40.075905
1387,635,2025-07-04 17:22:40.206633
1251,650,2025-07-04 17:22:40.475172
1227,651,2025-07-04 17:22:40.594480
1190,643,2025-07-04 17:22:40.721924
1158,642,2025-07-04 17:22:40.856432
1139,636,2025-07-04 17:22:41.017274
1117,629,2025-07-04 17:22:41.172272
1105,628,2025-07-04 17:22:41.305488
1092,641,2025-07-04 17:22:41.444074
1089,650,2025-07-04 17:22:41.581045
1103,653,2025-07-04 17:22:41.711619
1121,658,2025-07-04 17:22:41.890973
1273,630,2025-07-04 17:22:42.280585
1308,627,2025-07-04 17:22:42.404603
1350,629,2025-07-04 17:22:42.537168
1459,628,2025-07-04 17:22:42.803273
1477,628,2025-07-04 17:22:42.918969
1445,626,2025-07-04 17:22:43.041700
1258,703,2025-07-04 17:22:43.458778
1234,741,2025-07-04 17:22:43.562155
1230,774,2025-07-04 17:22:43.685414
1280,787,2025-07-04 17:22:43.814785
1383,807,2025-07-04 17:22:43.956252
1429,809,2025-07-04 17:22:44.079086
1446,809,2025-07-04 17:22:44.225661
1452,803,2025-07-04 17:22:44.348020
1464,785,2025-07-04 17:22:44.496072
1466,782,2025-07-04 17:22:44.649831
1463,786,2025-07-04 17:22:44.795825
1460,795,2025-07-04 17:22:44.920535
1461,804,2025-07-04 17:22:45.039812
1462,822,2025-07-04 17:22:45.168767
1460,852,2025-07-04 17:22:45.287636
1436,870,2025-07-04 17:22:45.412514
1420,888,2025-07-04 17:22:45.520953
1393,909,2025-07-04 17:22:45.657656
1231,924,2025-07-04 17:22:45.919561
1223,892,2025-07-04 17:22:46.051749
1336,828,2025-07-04 17:22:46.185484
1386,801,2025-07-04 17:22:46.318420
1409,796,2025-07-04 17:22:46.444584
1423,802,2025-07-04 17:22:46.577513
1432,806,2025-07-04 17:22:46.715364
1441,807,2025-07-04 17:22:46.856662
1442,812,2025-07-04 17:22:46.992283
1444,816,2025-07-04 17:22:47.124081
1445,821,2025-07-04 17:22:47.265211
1449,827,2025-07-04 17:22:47.422816
1452,832,2025-07-04 17:22:47.576249
1454,835,2025-07-04 17:22:47.712961
1457,837,2025-07-04 17:22:47.853922
1459,838,2025-07-04 17:22:47.988655
1460,837,2025-07-04 17:22:48.112480
1459,834,2025-07-04 17:22:48.249860
1460,831,2025-07-04 17:22:48.369005
1460,828,2025-07-04 17:22:48.497207
1458,827,2025-07-04 17:22:48.615104
1461,822,2025-07-04 17:22:48.744955
1467,802,2025-07-04 17:22:48.868909
1468,783,2025-07-04 17:22:48.997672
1470,772,2025-07-04 17:22:49.132305
1476,766,2025-07-04 17:22:49.265784
1478,757,2025-07-04 17:22:49.388657
1482,746,2025-07-04 17:22:49.525019
1483,742,2025-07-04 17:22:49.642680
1485,739,2025-07-04 17:22:49.763874
1485,736,2025-07-04 17:22:49.902144
1485,735,2025-07-04 17:22:50.031477
1485,735,2025-07-04 17:22:50.188465
1485,734,2025-07-04 17:22:50.340584
1475,757,2025-07-04 17:22:50.476026
1469,783,2025-07-04 17:22:50.610999
1464,795,2025-07-04 17:22:50.747725
1458,823,2025-07-04 17:22:50.874875
1452,829,2025-07-04 17:22:50.986859
1451,839,2025-07-04 17:22:51.132997
1451,843,2025-07-04 17:22:51.255840
1451,845,2025-07-04 17:22:51.385705
1451,847,2025-07-04 17:22:51.512452
1454,845,2025-07-04 17:22:51.652165
1347,844,2025-07-04 17:22:51.781890
919,895,2025-07-04 17:22:51.916595
753,917,2025-07-04 17:22:52.025212
574,947,2025-07-04 17:22:52.140096
520,957,2025-07-04 17:22:52.264874
485,967,2025-07-04 17:22:52.400467
455,971,2025-07-04 17:22:52.547545
443,952,2025-07-04 17:22:52.686067
443,917,2025-07-04 17:22:52.830377
459,871,2025-07-04 17:22:52.991071
470,849,2025-07-04 17:22:53.150379
454,819,2025-07-04 17:22:53.288335
442,797,2025-07-04 17:22:53.419349
439,791,2025-07-04 17:22:53.547784
415,818,2025-07-04 17:22:53.689504
527,862,2025-07-04 17:22:53.815201
746,827,2025-07-04 17:22:53.948611
908,782,2025-07-04 17:22:54.077432
934,772,2025-07-04 17:22:54.222749
643,920,2025-07-04 17:22:54.364595
551,934,2025-07-04 17:22:54.505036
461,808,2025-07-04 17:22:54.766797
428,658,2025-07-04 17:22:54.915410
425,646,2025-07-04 17:22:55.055973
483,762,2025-07-04 17:22:55.182865
489,777,2025-07-04 17:22:55.323116
488,663,2025-07-04 17:22:55.446422
485,650,2025-07-04 17:22:55.567500
456,648,2025-07-04 17:22:55.700428
437,653,2025-07-04 17:22:55.853674
422,656,2025-07-04 17:22:56.004178
403,670,2025-07-04 17:22:56.143532
393,682,2025-07-04 17:22:56.289377
384,704,2025-07-04 17:22:56.437237
388,813,2025-07-04 17:22:56.570571
388,861,2025-07-04 17:22:56.679071
386,900,2025-07-04 17:22:56.796829
383,915,2025-07-04 17:22:56.927488
747,952,2025-07-04 17:22:57.204177
826,945,2025-07-04 17:22:57.342230
656,894,2025-07-04 17:22:57.478036
503,867,2025-07-04 17:22:57.610701
446,894,2025-07-04 17:22:57.738103
432,902,2025-07-04 17:22:57.867644
426,907,2025-07-04 17:22:57.982098
728,925,2025-07-04 17:22:58.115441
881,946,2025-07-04 17:22:58.252947
934,928,2025-07-04 17:22:58.397906
954,833,2025-07-04 17:22:58.665713
960,809,2025-07-04 17:22:58.801414
957,754,2025-07-04 17:22:58.929282
931,729,2025-07-04 17:22:59.063105
677,662,2025-07-04 17:22:59.195863
502,654,2025-07-04 17:22:59.312084
473,649,2025-07-04 17:22:59.452123
460,649,2025-07-04 17:22:59.569851
454,649,2025-07-04 17:22:59.691083
451,647,2025-07-04 17:22:59.813934
458,647,2025-07-04 17:22:59.959834
753,786,2025-07-04 17:23:00.101330
895,832,2025-07-04 17:23:00.245656
907,830,2025-07-04 17:23:00.363106
915,828,2025-07-04 17:23:00.483282
919,824,2025-07-04 17:23:00.623070
923,821,2025-07-04 17:23:00.742012
926,815,2025-07-04 17:23:00.873853
930,807,2025-07-04 17:23:01.006260
923,789,2025-07-04 17:23:01.124893
918,779,2025-07-04 17:23:01.258393
905,770,2025-07-04 17:23:01.400107
872,760,2025-07-04 17:23:01.543569
856,748,2025-07-04 17:23:01.672233
850,746,2025-07-04 17:23:01.820216
901,886,2025-07-04 17:23:01.977246
872,851,2025-07-04 17:23:02.122840
836,804,2025-07-04 17:23:02.264523
823,788,2025-07-04 17:23:02.405774
817,777,2025-07-04 17:23:02.571043
809,769,2025-07-04 17:23:02.698556
808,765,2025-07-04 17:23:02.804683
806,764,2025-07-04 17:23:02.943997
806,762,2025-07-04 17:23:03.073139
806,760,2025-07-04 17:23:03.188017
807,758,2025-07-04 17:23:03.304944
816,755,2025-07-04 17:23:03.436461
831,752,2025-07-04 17:23:03.576680
841,749,2025-07-04 17:23:03.697119
847,748,2025-07-04 17:23:03.823363
853,744,2025-07-04 17:23:03.939571
860,745,2025-07-04 17:23:04.081806
870,741,2025-07-04 17:23:04.189273
876,743,2025-07-04 17:23:04.326974
881,742,2025-07-04 17:23:04.456173
886,741,2025-07-04 17:23:04.592854
890,740,2025-07-04 17:23:04.720190
893,742,2025-07-04 17:23:04.859442
897,740,2025-07-04 17:23:04.992328
898,740,2025-07-04 17:23:05.129030
901,741,2025-07-04 17:23:05.262474
903,740,2025-07-04 17:23:05.404504
905,741,2025-07-04 17:23:05.532047
877,753,2025-07-04 17:23:05.662421
863,752,2025-07-04 17:23:05.803020
851,752,2025-07-04 17:23:05.933858
825,756,2025-07-04 17:23:06.052409
819,758,2025-07-04 17:23:06.189181
796,818,2025-07-04 17:23:06.321238
809,826,2025-07-04 17:23:06.452614
816,834,2025-07-04 17:23:06.592799
809,879,2025-07-04 17:23:06.718181
808,908,2025-07-04 17:23:06.852187
798,941,2025-07-04 17:23:06.970974
796,951,2025-07-04 17:23:07.092719
792,954,2025-07-04 17:23:07.222411
799,966,2025-07-04 17:23:07.355234
810,969,2025-07-04 17:23:07.509747
815,969,2025-07-04 17:23:07.651050
818,968,2025-07-04 17:23:07.776688
825,954,2025-07-04 17:23:07.907720
941,857,2025-07-04 17:23:08.160631
969,836,2025-07-04 17:23:08.283905
1006,806,2025-07-04 17:23:08.416374
1035,772,2025-07-04 17:23:08.549243
1049,751,2025-07-04 17:23:08.694487
1064,732,2025-07-04 17:23:08.833274
1067,728,2025-07-04 17:23:08.954641
1054,732,2025-07-04 17:23:09.100553
1055,741,2025-07-04 17:23:09.228174
1054,745,2025-07-04 17:23:09.350604
1063,753,2025-07-04 17:23:09.469067
1075,760,2025-07-04 17:23:09.595086
1087,758,2025-07-04 17:23:09.726576
1096,758,2025-07-04 17:23:09.857158
1110,757,2025-07-04 17:23:09.982606
1126,756,2025-07-04 17:23:10.116257
1131,755,2025-07-04 17:23:10.253264
1134,754,2025-07-04 17:23:10.403226
1137,754,2025-07-04 17:23:10.549026
1140,755,2025-07-04 17:23:10.688321
1144,777,2025-07-04 17:23:10.820537
1141,863,2025-07-04 17:23:11.095501
1141,873,2025-07-04 17:23:11.216921
1142,878,2025-07-04 17:23:11.334431
1142,884,2025-07-04 17:23:11.478685
1141,887,2025-07-04 17:23:11.606227
1141,888,2025-07-04 17:23:11.731132
1140,890,2025-07-04 17:23:11.850031
1140,891,2025-07-04 17:23:11.967583
1139,891,2025-07-04 17:23:12.106202
1137,890,2025-07-04 17:23:12.218076
1102,869,2025-07-04 17:23:12.340768
1022,821,2025-07-04 17:23:12.604102
1007,812,2025-07-04 17:23:12.737121
998,805,2025-07-04 17:23:12.869414
991,802,2025-07-04 17:23:13.026825
986,798,2025-07-04 17:23:13.175022
981,796,2025-07-04 17:23:13.366806
977,790,2025-07-04 17:23:13.509134
960,781,2025-07-04 17:23:13.666389
945,773,2025-07-04 17:23:13.844088
947,761,2025-07-04 17:23:13.999257
954,731,2025-07-04 17:23:14.157740
962,710,2025-07-04 17:23:14.296421
978,695,2025-07-04 17:23:14.451909
988,687,2025-07-04 17:23:14.619531
995,684,2025-07-04 17:23:14.779465
1000,680,2025-07-04 17:23:14.920909
1006,680,2025-07-04 17:23:15.069940
1009,677,2025-07-04 17:23:15.194250
1011,677,2025-07-04 17:23:15.328348
1013,677,2025-07-04 17:23:15.447246
1013,676,2025-07-04 17:23:15.582497
1012,676,2025-07-04 17:23:15.715553
1011,676,2025-07-04 17:23:15.849285
1010,676,2025-07-04 17:23:15.963890
1010,676,2025-07-04 17:23:16.088616
1013,675,2025-07-04 17:23:16.238944
1415,672,2025-07-04 17:23:16.397022
1665,677,2025-07-04 17:23:16.541725
1685,678,2025-07-04 17:23:16.688294
1699,673,2025-07-04 17:23:16.843546
1708,664,2025-07-04 17:23:16.992228
1333,736,2025-07-04 17:23:17.116936
1102,786,2025-07-04 17:23:17.248642
1037,801,2025-07-04 17:23:17.370643
1026,804,2025-07-04 17:23:17.493175
1014,797,2025-07-04 17:23:17.627291
1003,790,2025-07-04 17:23:17.759020
984,805,2025-07-04 17:23:17.876552
889,932,2025-07-04 17:23:18.126457
856,956,2025-07-04 17:23:18.255761
827,966,2025-07-04 17:23:18.381198
814,938,2025-07-04 17:23:18.520930
849,859,2025-07-04 17:23:18.797536
852,857,2025-07-04 17:23:18.923940
861,851,2025-07-04 17:23:19.061611
882,830,2025-07-04 17:23:19.204428
890,827,2025-07-04 17:23:19.336888
888,818,2025-07-04 17:23:19.475094
678,727,2025-07-04 17:23:19.604996
560,685,2025-07-04 17:23:19.725057
811,724,2025-07-04 17:23:19.866766
880,737,2025-07-04 17:23:19.991640
898,742,2025-07-04 17:23:20.108086
912,747,2025-07-04 17:23:20.249149
921,751,2025-07-04 17:23:20.379134
924,750,2025-07-04 17:23:20.493679
927,750,2025-07-04 17:23:20.627225
927,749,2025-07-04 17:23:20.793870
924,753,2025-07-04 17:23:20.923853
909,793,2025-07-04 17:23:21.042984
718,980,2025-07-04 17:23:21.316839
670,994,2025-07-04 17:23:21.462273
501,886,2025-07-04 17:23:21.732949
456,822,2025-07-04 17:23:21.864853
437,794,2025-07-04 17:23:22.014744
430,786,2025-07-04 17:23:22.148429
437,801,2025-07-04 17:23:22.293822
440,921,2025-07-04 17:23:22.588364
618,908,2025-07-04 17:23:22.718320
796,903,2025-07-04 17:23:22.883017
954,882,2025-07-04 17:23:23.143361
766,726,2025-07-04 17:23:23.277547
555,634,2025-07-04 17:23:23.406049
501,625,2025-07-04 17:23:23.526554
459,618,2025-07-04 17:23:23.663099
449,618,2025-07-04 17:23:23.783118
452,617,2025-07-04 17:23:23.909586
466,617,2025-07-04 17:23:24.024077
482,618,2025-07-04 17:23:24.155968
505,617,2025-07-04 17:23:24.292657
607,622,2025-07-04 17:23:24.554514
628,623,2025-07-04 17:23:24.701010
888,738,2025-07-04 17:23:25.028731
930,740,2025-07-04 17:23:25.180579
952,740,2025-07-04 17:23:25.337803
957,730,2025-07-04 17:23:25.480910
962,720,2025-07-04 17:23:25.637688
935,716,2025-07-04 17:23:25.773932
819,886,2025-07-04 17:23:26.172532
807,910,2025-07-04 17:23:26.289068
804,921,2025-07-04 17:23:26.411212
804,924,2025-07-04 17:23:26.520085
799,931,2025-07-04 17:23:26.646479
562,703,2025-07-04 17:23:26.878975
531,661,2025-07-04 17:23:26.988842
509,648,2025-07-04 17:23:27.125344
490,641,2025-07-04 17:23:27.253230
467,630,2025-07-04 17:23:27.385362
450,626,2025-07-04 17:23:27.521747
444,623,2025-07-04 17:23:27.638079
628,701,2025-07-04 17:23:27.779463
725,747,2025-07-04 17:23:27.887593
756,761,2025-07-04 17:23:27.987850
780,772,2025-07-04 17:23:28.118254
791,779,2025-07-04 17:23:28.262516
810,770,2025-07-04 17:23:28.406285
896,724,2025-07-04 17:23:28.673457
907,716,2025-07-04 17:23:28.801936
917,708,2025-07-04 17:23:28.937023
919,703,2025-07-04 17:23:29.068413
919,698,2025-07-04 17:23:29.194399
918,697,2025-07-04 17:23:29.302240
917,697,2025-07-04 17:23:29.437594
916,697,2025-07-04 17:23:29.566050
915,697,2025-07-04 17:23:29.684039
914,696,2025-07-04 17:23:29.804911
913,696,2025-07-04 17:23:29.919793
912,695,2025-07-04 17:23:30.038285
911,695,2025-07-04 17:23:30.152948
910,694,2025-07-04 17:23:30.283099
909,694,2025-07-04 17:23:30.417310
902,712,2025-07-04 17:23:30.551502
887,790,2025-07-04 17:23:30.817923
883,803,2025-07-04 17:23:30.949265
883,812,2025-07-04 17:23:31.090247
884,818,2025-07-04 17:23:31.235997
896,824,2025-07-04 17:23:31.384108
902,822,2025-07-04 17:23:31.520033
900,805,2025-07-04 17:23:31.661230
755,718,2025-07-04 17:23:31.804861
625,657,2025-07-04 17:23:31.944428
587,639,2025-07-04 17:23:32.065602
559,636,2025-07-04 17:23:32.203597
598,728,2025-07-04 17:23:32.315672
741,790,2025-07-04 17:23:32.564658
808,776,2025-07-04 17:23:32.683979
931,742,2025-07-04 17:23:32.948568
958,735,2025-07-04 17:23:33.081674
977,739,2025-07-04 17:23:33.200272
986,752,2025-07-04 17:23:33.325275
992,762,2025-07-04 17:23:33.432715
998,767,2025-07-04 17:23:33.551522
999,773,2025-07-04 17:23:33.665920
967,802,2025-07-04 17:23:33.805025
880,879,2025-07-04 17:23:33.940867
838,906,2025-07-04 17:23:34.084864
810,919,2025-07-04 17:23:34.230497
803,924,2025-07-04 17:23:34.372775
801,934,2025-07-04 17:23:34.508146
800,942,2025-07-04 17:23:34.630207
796,943,2025-07-04 17:23:34.740550
795,944,2025-07-04 17:23:34.846768
796,943,2025-07-04 17:23:34.963224
791,943,2025-07-04 17:23:35.093327
794,907,2025-07-04 17:23:35.231583
789,929,2025-07-04 17:23:35.349678
846,752,2025-07-04 17:23:35.479194
876,728,2025-07-04 17:23:35.598579
896,713,2025-07-04 17:23:35.696026
899,711,2025-07-04 17:23:35.827976
893,703,2025-07-04 17:23:35.961349
888,706,2025-07-04 17:23:36.094624
885,707,2025-07-04 17:23:36.226942
882,705,2025-07-04 17:23:36.347664
879,705,2025-07-04 17:23:36.472177
875,706,2025-07-04 17:23:36.595341
848,718,2025-07-04 17:23:36.736821
831,724,2025-07-04 17:23:36.872470
822,728,2025-07-04 17:23:37.015932
811,730,2025-07-04 17:23:37.149265
797,739,2025-07-04 17:23:37.286138
791,742,2025-07-04 17:23:37.426635
787,744,2025-07-04 17:23:37.569245
785,745,2025-07-04 17:23:37.693291
784,748,2025-07-04 17:23:37.811156
783,749,2025-07-04 17:23:37.927236
781,749,2025-07-04 17:23:38.053902
782,751,2025-07-04 17:23:38.163245
782,752,2025-07-04 17:23:38.293983
789,758,2025-07-04 17:23:38.426810
818,772,2025-07-04 17:23:38.567035
832,781,2025-07-04 17:23:38.699632
841,787,2025-07-04 17:23:38.812869
860,796,2025-07-04 17:23:38.939852
871,802,2025-07-04 17:23:39.060110
876,805,2025-07-04 17:23:39.191808
884,802,2025-07-04 17:23:39.328666
909,783,2025-07-04 17:23:39.472178
987,694,2025-07-04 17:23:39.781660
998,682,2025-07-04 17:23:39.933608
1003,675,2025-07-04 17:23:40.075434
1009,668,2025-07-04 17:23:40.226128
1012,664,2025-07-04 17:23:40.371139
1014,660,2025-07-04 17:23:40.477812
1014,659,2025-07-04 17:23:40.645206
1016,656,2025-07-04 17:23:40.760811
1017,656,2025-07-04 17:23:40.912772
1018,655,2025-07-04 17:23:41.024767
904,812,2025-07-04 17:23:41.280599
805,876,2025-07-04 17:23:41.544520
645,682,2025-07-04 17:23:41.811434
622,488,2025-07-04 17:23:42.103123
916,341,2025-07-04 17:23:42.495595
933,340,2025-07-04 17:23:42.618546
939,336,2025-07-04 17:23:42.758075
943,338,2025-07-04 17:23:42.910087
930,343,2025-07-04 17:23:43.044717
924,348,2025-07-04 17:23:43.210666
924,350,2025-07-04 17:23:43.353128
936,350,2025-07-04 17:23:43.473089
943,350,2025-07-04 17:23:43.591838
782,399,2025-07-04 17:23:43.721814
601,461,2025-07-04 17:23:43.858027
525,508,2025-07-04 17:23:43.983909
470,548,2025-07-04 17:23:44.106064
444,571,2025-07-04 17:23:44.236355
618,598,2025-07-04 17:23:44.506134
661,597,2025-07-04 17:23:44.636708
701,581,2025-07-04 17:23:44.766539
504,570,2025-07-04 17:23:45.041867
465,576,2025-07-04 17:23:45.175045
589,653,2025-07-04 17:23:45.311355
727,692,2025-07-04 17:23:45.444506
767,690,2025-07-04 17:23:45.590190
783,681,2025-07-04 17:23:45.719778
816,671,2025-07-04 17:23:45.853620
847,656,2025-07-04 17:23:46.009614
846,639,2025-07-04 17:23:46.134179
662,646,2025-07-04 17:23:46.370551
486,777,2025-07-04 17:23:46.641406
449,799,2025-07-04 17:23:46.770503
422,814,2025-07-04 17:23:46.905869
406,818,2025-07-04 17:23:47.023668
400,822,2025-07-04 17:23:47.142607
396,823,2025-07-04 17:23:47.265384
395,825,2025-07-04 17:23:47.400595
408,822,2025-07-04 17:23:47.523832
605,829,2025-07-04 17:23:47.793207
643,825,2025-07-04 17:23:47.923802
668,811,2025-07-04 17:23:48.053618
718,829,2025-07-04 17:23:48.174503
868,854,2025-07-04 17:23:48.463653
704,828,2025-07-04 17:23:48.742889
525,855,2025-07-04 17:23:48.880698
472,863,2025-07-04 17:23:49.035241
580,882,2025-07-04 17:23:49.301727
627,887,2025-07-04 17:23:49.434406
650,882,2025-07-04 17:23:49.563753
665,881,2025-07-04 17:23:49.685154
671,881,2025-07-04 17:23:49.801390
674,881,2025-07-04 17:23:49.928837
676,879,2025-07-04 17:23:50.060355
669,880,2025-07-04 17:23:50.187962
658,882,2025-07-04 17:23:50.317513
656,882,2025-07-04 17:23:50.445454
709,853,2025-07-04 17:23:50.686537
745,837,2025-07-04 17:23:50.811867
763,827,2025-07-04 17:23:50.949206
771,826,2025-07-04 17:23:51.070640
794,860,2025-07-04 17:23:51.206087
801,875,2025-07-04 17:23:51.344746
830,889,2025-07-04 17:23:51.474298
838,872,2025-07-04 17:23:51.604679
857,846,2025-07-04 17:23:51.733397
901,737,2025-07-04 17:23:52.015737
919,707,2025-07-04 17:23:52.165971
923,694,2025-07-04 17:23:52.299298
928,691,2025-07-04 17:23:52.437230
932,688,2025-07-04 17:23:52.566700
934,686,2025-07-04 17:23:52.685145
938,685,2025-07-04 17:23:52.801443
943,684,2025-07-04 17:23:52.917898
951,684,2025-07-04 17:23:53.041500
956,681,2025-07-04 17:23:53.151366
962,682,2025-07-04 17:23:53.265062
968,681,2025-07-04 17:23:53.380021
972,671,2025-07-04 17:23:53.515026
983,674,2025-07-04 17:23:53.636007
920,511,2025-07-04 17:23:53.751113
888,479,2025-07-04 17:23:53.876057
863,455,2025-07-04 17:23:53.998188
842,445,2025-07-04 17:23:54.131293
832,442,2025-07-04 17:23:54.290058
822,441,2025-07-04 17:23:54.437673
816,440,2025-07-04 17:23:54.587469
813,439,2025-07-04 17:23:54.739180
816,438,2025-07-04 17:23:54.868328
821,438,2025-07-04 17:23:54.995830
828,438,2025-07-04 17:23:55.122849
836,440,2025-07-04 17:23:55.246815
848,439,2025-07-04 17:23:55.380909
862,441,2025-07-04 17:23:55.514520
885,420,2025-07-04 17:23:55.644399
999,560,2025-07-04 17:23:55.908765
1000,425,2025-07-04 17:23:56.027576
1009,362,2025-07-04 17:23:56.132542
1017,326,2025-07-04 17:23:56.261032
1018,313,2025-07-04 17:23:56.396830
1024,300,2025-07-04 17:23:56.532013
1033,290,2025-07-04 17:23:56.653515
1022,279,2025-07-04 17:23:56.780212
922,646,2025-07-04 17:23:56.926857
890,491,2025-07-04 17:23:57.072747
869,358,2025-07-04 17:23:57.216981
865,318,2025-07-04 17:23:57.355133
865,314,2025-07-04 17:23:57.493674
856,326,2025-07-04 17:23:57.651228
853,335,2025-07-04 17:23:57.786252
861,341,2025-07-04 17:23:57.897428
881,355,2025-07-04 17:23:58.030611
893,362,2025-07-04 17:23:58.164652
928,367,2025-07-04 17:23:58.294411
965,374,2025-07-04 17:23:58.417032
981,386,2025-07-04 17:23:58.530112
992,391,2025-07-04 17:23:58.644228
1007,397,2025-07-04 17:23:58.778961
1025,399,2025-07-04 17:23:58.910024
1039,404,2025-07-04 17:23:59.043892
1048,409,2025-07-04 17:23:59.161181
1060,412,2025-07-04 17:23:59.297763
1071,411,2025-07-04 17:23:59.425893
1076,410,2025-07-04 17:23:59.530213
1084,408,2025-07-04 17:23:59.664639
1096,410,2025-07-04 17:23:59.776684
1106,411,2025-07-04 17:23:59.903719
1121,411,2025-07-04 17:24:00.059927
1149,407,2025-07-04 17:24:00.207909
1183,407,2025-07-04 17:24:00.353814
1207,407,2025-07-04 17:24:00.517091
1205,410,2025-07-04 17:24:00.659230
989,413,2025-07-04 17:24:00.797936
908,414,2025-07-04 17:24:00.926547
886,414,2025-07-04 17:24:01.057894
862,414,2025-07-04 17:24:01.187326
856,414,2025-07-04 17:24:01.310591
854,413,2025-07-04 17:24:01.428276
856,413,2025-07-04 17:24:01.561561
862,411,2025-07-04 17:24:01.691839
866,410,2025-07-04 17:24:01.815076
870,411,2025-07-04 17:24:01.935194
875,410,2025-07-04 17:24:02.041656
881,411,2025-07-04 17:24:02.219254
891,410,2025-07-04 17:24:02.351552
896,407,2025-07-04 17:24:02.491595
847,286,2025-07-04 17:24:02.764188
832,252,2025-07-04 17:24:02.902014
836,236,2025-07-04 17:24:03.044149
834,227,2025-07-04 17:24:03.180822
803,215,2025-07-04 17:24:03.325803
786,216,2025-07-04 17:24:03.479687
786,220,2025-07-04 17:24:03.627508
803,230,2025-07-04 17:24:03.745248
821,268,2025-07-04 17:24:03.874478
839,277,2025-07-04 17:24:03.985932
823,329,2025-07-04 17:24:04.092255
792,419,2025-07-04 17:24:04.325816
792,432,2025-07-04 17:24:04.457418
790,443,2025-07-04 17:24:04.589616
804,449,2025-07-04 17:24:04.723345
815,455,2025-07-04 17:24:04.848887
824,460,2025-07-04 17:24:04.994473
830,462,2025-07-04 17:24:05.121538
840,464,2025-07-04 17:24:05.225418
849,469,2025-07-04 17:24:05.351852
862,475,2025-07-04 17:24:05.485645
873,477,2025-07-04 17:24:05.607576
881,476,2025-07-04 17:24:05.745347
887,477,2025-07-04 17:24:05.883854
893,475,2025-07-04 17:24:06.011421
901,479,2025-07-04 17:24:06.159647
911,479,2025-07-04 17:24:06.296671
922,479,2025-07-04 17:24:06.431353
930,482,2025-07-04 17:24:06.554788
933,480,2025-07-04 17:24:06.694769
922,480,2025-07-04 17:24:06.820194
890,480,2025-07-04 17:24:06.937817
875,481,2025-07-04 17:24:07.065543
851,479,2025-07-04 17:24:07.187845
830,478,2025-07-04 17:24:07.331276
827,478,2025-07-04 17:24:07.454557
825,478,2025-07-04 17:24:07.583811
829,477,2025-07-04 17:24:07.728171
833,477,2025-07-04 17:24:07.853858
837,476,2025-07-04 17:24:07.981336
840,476,2025-07-04 17:24:08.098922
846,476,2025-07-04 17:24:08.231763
653,451,2025-07-04 17:24:08.491375
582,445,2025-07-04 17:24:08.632922
562,445,2025-07-04 17:24:08.787121
551,445,2025-07-04 17:24:08.929886
546,445,2025-07-04 17:24:09.079801
786,400,2025-07-04 17:24:09.339475
940,365,2025-07-04 17:24:09.594881
976,355,2025-07-04 17:24:09.719138
1014,344,2025-07-04 17:24:09.844606
1026,341,2025-07-04 17:24:09.985615
1039,340,2025-07-04 17:24:10.104549
1045,339,2025-07-04 17:24:10.204383
1050,335,2025-07-04 17:24:10.318819
1055,336,2025-07-04 17:24:10.435680
1062,334,2025-07-04 17:24:10.555750
1066,334,2025-07-04 17:24:10.695668
1069,334,2025-07-04 17:24:10.818167
1069,351,2025-07-04 17:24:10.951908
995,493,2025-07-04 17:24:11.055065
949,578,2025-07-04 17:24:11.185026
941,601,2025-07-04 17:24:11.317228
938,609,2025-07-04 17:24:11.447440
943,620,2025-07-04 17:24:11.588479
952,623,2025-07-04 17:24:11.725202
962,621,2025-07-04 17:24:11.887174
971,623,2025-07-04 17:24:12.016604
979,620,2025-07-04 17:24:12.154778
986,620,2025-07-04 17:24:12.287028
970,654,2025-07-04 17:24:12.420725
899,723,2025-07-04 17:24:12.548150
868,748,2025-07-04 17:24:12.666581
860,754,2025-07-04 17:24:12.799908
883,766,2025-07-04 17:24:12.944658
913,759,2025-07-04 17:24:13.111841
951,760,2025-07-04 17:24:13.265919
965,759,2025-07-04 17:24:13.404663
971,757,2025-07-04 17:24:13.532588
862,812,2025-07-04 17:24:13.806318
837,821,2025-07-04 17:24:13.952672
824,827,2025-07-04 17:24:14.088065
820,830,2025-07-04 17:24:14.235487
817,829,2025-07-04 17:24:14.392373
820,830,2025-07-04 17:24:14.534573
821,830,2025-07-04 17:24:14.690042
823,831,2025-07-04 17:24:14.831448
825,830,2025-07-04 17:24:14.972942
826,830,2025-07-04 17:24:15.138185
824,836,2025-07-04 17:24:15.268614
820,842,2025-07-04 17:24:15.407947
818,844,2025-07-04 17:24:15.553691
638,843,2025-07-04 17:24:15.797628
579,838,2025-07-04 17:24:15.914793
447,814,2025-07-04 17:24:16.168885
434,815,2025-07-04 17:24:16.283432
426,812,2025-07-04 17:24:16.412760
420,811,2025-07-04 17:24:16.555370
416,806,2025-07-04 17:24:16.682917
413,805,2025-07-04 17:24:16.815535
412,804,2025-07-04 17:24:16.933200
420,797,2025-07-04 17:24:17.049653
425,796,2025-07-04 17:24:17.193879
429,798,2025-07-04 17:24:17.331974
600,685,2025-07-04 17:24:17.614671
855,375,2025-07-04 17:24:17.770967
886,349,2025-07-04 17:24:17.919796
927,358,2025-07-04 17:24:18.057708
951,379,2025-07-04 17:24:18.187545
971,394,2025-07-04 17:24:18.309558
985,399,2025-07-04 17:24:18.425369
993,405,2025-07-04 17:24:18.559899
998,408,2025-07-04 17:24:18.702504
1002,410,2025-07-04 17:24:18.833558
1004,412,2025-07-04 17:24:18.949095
1006,413,2025-07-04 17:24:19.048315
1008,412,2025-07-04 17:24:19.162232
1010,412,2025-07-04 17:24:19.298898
1010,410,2025-07-04 17:24:19.429060
1010,410,2025-07-04 17:24:19.558523
1010,409,2025-07-04 17:24:19.682251
1010,408,2025-07-04 17:24:19.794705
1011,407,2025-07-04 17:24:19.926608
1006,414,2025-07-04 17:24:20.068542
1008,417,2025-07-04 17:24:20.207738
972,666,2025-07-04 17:24:20.346731
970,695,2025-07-04 17:24:20.503936
970,708,2025-07-04 17:24:20.657885
968,716,2025-07-04 17:24:20.797577
986,728,2025-07-04 17:24:21.024606
1612,792,2025-07-04 17:24:21.174227
1659,797,2025-07-04 17:24:21.296396
1693,803,2025-07-04 17:24:21.422116
1702,804,2025-07-04 17:24:21.543834
1707,806,2025-07-04 17:24:21.663177
1709,809,2025-07-04 17:24:21.780688
1711,810,2025-07-04 17:24:21.909319
1710,812,2025-07-04 17:24:22.041979
1708,811,2025-07-04 17:24:22.173646
1708,813,2025-07-04 17:24:22.309418
1707,813,2025-07-04 17:24:22.465384
1705,812,2025-07-04 17:24:22.678603
1704,812,2025-07-04 17:24:22.876752
1705,809,2025-07-04 17:24:23.048026
1707,807,2025-07-04 17:24:23.242634
1708,806,2025-07-04 17:24:23.412735
1712,806,2025-07-04 17:24:23.577836
1715,805,2025-07-04 17:24:23.732743
1717,805,2025-07-04 17:24:23.861984
1719,804,2025-07-04 17:24:24.021864
1721,803,2025-07-04 17:24:24.216823
1722,805,2025-07-04 17:24:24.421150
1724,806,2025-07-04 17:24:24.584853
1725,807,2025-07-04 17:24:24.740792
1727,808,2025-07-04 17:24:24.862224
1727,808,2025-07-04 17:24:24.996170
1729,807,2025-07-04 17:24:25.115907
1729,806,2025-07-04 17:24:25.260070
1725,805,2025-07-04 17:24:25.436524
1721,804,2025-07-04 17:24:25.656499
1717,806,2025-07-04 17:24:25.813061
1716,806,2025-07-04 17:24:25.951218
1714,806,2025-07-04 17:24:26.082806
1591,906,2025-07-04 17:24:26.225809
1503,981,2025-07-04 17:24:26.368014
1459,1019,2025-07-04 17:24:26.496503
1450,1030,2025-07-04 17:24:26.631681
1442,1039,2025-07-04 17:24:26.770142
1438,1044,2025-07-04 17:24:26.911968
1442,1053,2025-07-04 17:24:27.066419
1447,1058,2025-07-04 17:24:27.203351
1450,1059,2025-07-04 17:24:27.345971
1450,1061,2025-07-04 17:24:27.480536
1452,1060,2025-07-04 17:24:27.606132
1451,1062,2025-07-04 17:24:27.759650
1446,1062,2025-07-04 17:24:27.894789
1442,1062,2025-07-04 17:24:28.026586
1438,1064,2025-07-04 17:24:28.159437
1434,1062,2025-07-04 17:24:28.300921
1431,1062,2025-07-04 17:24:28.437712
1429,1062,2025-07-04 17:24:28.560596
1427,1062,2025-07-04 17:24:28.681289
1428,1061,2025-07-04 17:24:28.804425
1431,1057,2025-07-04 17:24:28.937230
1435,1057,2025-07-04 17:24:29.077222
1437,1057,2025-07-04 17:24:29.208846
1441,1055,2025-07-04 17:24:29.356424
1428,1053,2025-07-04 17:24:29.496221
1430,1054,2025-07-04 17:24:29.634133
1187,1053,2025-07-04 17:24:29.923142
1399,1059,2025-07-04 17:24:30.202922
1415,1061,2025-07-04 17:24:30.336943
1427,1064,2025-07-04 17:24:30.486339
1419,1056,2025-07-04 17:24:30.695556
978,888,2025-07-04 17:24:30.837238
933,872,2025-07-04 17:24:30.972948
899,888,2025-07-04 17:24:31.105297
842,952,2025-07-04 17:24:31.385415
836,970,2025-07-04 17:24:31.517583
849,982,2025-07-04 17:24:31.676731
876,983,2025-07-04 17:24:31.802043
897,981,2025-07-04 17:24:31.934054
919,981,2025-07-04 17:24:32.059719
934,980,2025-07-04 17:24:32.183818
943,979,2025-07-04 17:24:32.303697
912,991,2025-07-04 17:24:32.434466
