from_x,from_y,to_x,to_y,velocity,distance,timestamp,duration
1809,749,1809,749,0.00,0.00,2025-07-04 17:18:49.952835,0.107
1809,749,1807,749,4.29,2.00,2025-07-04 17:18:50.826056,0.467
1807,749,429,610,1115.90,1384.99,2025-07-04 17:18:52.617763,1.241
429,610,440,600,59.52,14.87,2025-07-04 17:18:53.383956,0.250
440,600,641,611,167.01,201.30,2025-07-04 17:18:55.144062,1.205
641,611,684,603,0.00,43.74,2025-07-04 17:18:55.510617,0.000
684,603,824,606,181.45,140.03,2025-07-04 17:18:56.686568,0.772
824,606,416,592,342.86,408.24,2025-07-04 17:18:58.791537,1.191
416,592,414,617,0.00,25.08,2025-07-04 17:18:59.173887,0.000
414,617,875,639,174.31,461.52,2025-07-04 17:19:02.202995,2.648
875,639,905,638,0.00,30.02,2025-07-04 17:19:02.879931,0.000
905,638,939,634,0.00,34.23,2025-07-04 17:19:03.537104,0.000
939,634,501,673,826.63,439.73,2025-07-04 17:19:04.736143,0.532
501,673,474,665,0.00,28.16,2025-07-04 17:19:05.123797,0.000
474,665,431,664,0.00,43.01,2025-07-04 17:19:05.624454,0.000
431,664,405,663,0.00,26.02,2025-07-04 17:19:06.530147,0.000
405,663,399,702,9.31,39.46,2025-07-04 17:19:11.579668,4.241
399,702,429,698,0.00,30.27,2025-07-04 17:19:11.960418,0.000
429,698,1023,699,203.19,594.00,2025-07-04 17:19:15.275414,2.923
1023,699,394,733,1243.96,629.92,2025-07-04 17:19:16.420045,0.506
394,733,538,733,215.39,144.00,2025-07-04 17:19:17.617515,0.669
538,733,714,798,304.24,187.62,2025-07-04 17:19:18.857816,0.617
714,798,774,755,298.99,73.82,2025-07-04 17:19:19.501575,0.247
774,755,839,748,245.84,65.38,2025-07-04 17:19:20.163105,0.266
839,748,409,772,358.31,430.67,2025-07-04 17:19:22.127697,1.202
409,772,642,772,224.69,233.00,2025-07-04 17:19:23.561443,1.037
642,772,454,845,51.76,201.68,2025-07-04 17:19:27.990214,3.896
454,845,857,637,741.91,453.51,2025-07-04 17:19:29.355361,0.611
857,637,498,679,255.02,361.45,2025-07-04 17:19:31.787929,1.417
498,679,668,716,120.17,173.98,2025-07-04 17:19:33.640410,1.448
668,716,595,818,479.42,125.43,2025-07-04 17:19:34.285076,0.262
595,818,563,836,0.00,36.72,2025-07-04 17:19:34.784784,0.000
563,836,545,855,0.00,26.17,2025-07-04 17:19:35.658519,0.000
545,855,519,868,0.00,29.07,2025-07-04 17:19:36.302347,0.000
519,868,592,843,220.32,77.16,2025-07-04 17:19:37.164942,0.350
592,843,622,828,0.00,33.54,2025-07-04 17:19:37.543641,0.000
622,828,640,809,0.00,26.17,2025-07-04 17:19:37.915045,0.000
640,809,558,794,55.57,83.36,2025-07-04 17:19:39.799496,1.500
558,794,452,804,284.70,106.47,2025-07-04 17:19:40.558979,0.374
452,804,982,579,269.46,575.78,2025-07-04 17:19:43.344292,2.137
982,579,1006,567,0.00,26.83,2025-07-04 17:19:43.844809,0.000
1006,567,419,716,198.16,605.62,2025-07-04 17:19:47.431546,3.056
419,716,726,702,257.20,307.32,2025-07-04 17:19:49.011469,1.195
726,702,752,703,0.00,26.02,2025-07-04 17:19:49.914969,0.000
752,703,778,703,0.00,26.00,2025-07-04 17:19:50.306017,0.000
778,703,598,724,68.94,181.22,2025-07-04 17:19:53.315827,2.629
598,724,417,756,55.07,183.81,2025-07-04 17:19:57.919019,3.337
417,756,432,809,14.07,55.08,2025-07-04 17:20:02.214699,3.913
432,809,404,801,0.00,29.12,2025-07-04 17:20:03.768291,0.000
404,801,618,797,135.59,214.04,2025-07-04 17:20:05.766321,1.579
618,797,409,830,132.84,211.59,2025-07-04 17:20:07.738793,1.593
409,830,381,829,0.00,28.02,2025-07-04 17:20:08.624915,0.000
381,829,425,730,68.38,108.34,2025-07-04 17:20:10.829323,1.584
425,730,551,875,368.82,192.10,2025-07-04 17:20:11.744777,0.521
551,875,523,869,17.61,28.64,2025-07-04 17:20:13.777650,1.626
523,869,498,870,0.00,25.02,2025-07-04 17:20:14.853870,0.000
498,870,467,786,174.44,89.54,2025-07-04 17:20:15.899626,0.513
467,786,969,676,503.98,513.91,2025-07-04 17:20:17.981372,1.020
969,676,1366,314,149.17,537.26,2025-07-04 17:20:21.967551,3.602
1366,314,1298,685,270.43,377.18,2025-07-04 17:20:23.752716,1.395
1298,685,1304,790,132.16,105.17,2025-07-04 17:20:25.205152,0.796
1304,790,1233,780,273.00,71.70,2025-07-04 17:20:26.160914,0.263
1233,780,1308,770,311.27,75.66,2025-07-04 17:20:26.772034,0.243
1308,770,1250,793,162.21,62.39,2025-07-04 17:20:27.563337,0.385
1250,793,1311,817,255.92,65.55,2025-07-04 17:20:28.606649,0.256
1311,817,1337,817,0.00,26.00,2025-07-04 17:20:29.512432,0.000
1337,817,1351,900,0.00,84.17,2025-07-04 17:20:29.910761,0.000
1351,900,1380,877,0.00,37.01,2025-07-04 17:20:30.423637,0.000
1380,877,1397,853,0.00,29.41,2025-07-04 17:20:30.813592,0.000
1397,853,1352,791,58.35,76.61,2025-07-04 17:20:33.286771,1.313
1352,791,1361,819,0.00,29.41,2025-07-04 17:20:33.960989,0.000
1361,819,1371,842,0.00,25.08,2025-07-04 17:20:34.513826,0.000
1371,842,1432,849,235.32,61.40,2025-07-04 17:20:35.388149,0.261
1432,849,1390,807,241.39,59.40,2025-07-04 17:20:36.122110,0.246
1390,807,1298,713,46.18,131.53,2025-07-04 17:20:39.395863,2.848
1298,713,1347,955,105.10,246.91,2025-07-04 17:20:42.386654,2.349
1347,955,1392,945,0.00,46.10,2025-07-04 17:20:42.764571,0.000
1392,945,1250,974,123.49,144.93,2025-07-04 17:20:44.480123,1.174
1250,974,1238,793,107.28,181.40,2025-07-04 17:20:46.680956,1.691
1238,793,1260,663,53.90,131.85,2025-07-04 17:20:49.528787,2.446
1260,663,1354,659,187.16,94.09,2025-07-04 17:20:50.699008,0.503
1354,659,1377,641,0.00,29.21,2025-07-04 17:20:51.237135,0.000
1377,641,1346,626,0.00,34.44,2025-07-04 17:20:51.609244,0.000
1346,626,1395,223,796.65,405.97,2025-07-04 17:20:52.607399,0.510
1395,223,1397,197,0.00,26.08,2025-07-04 17:20:53.790365,0.000
1397,197,911,801,842.16,775.25,2025-07-04 17:20:55.238137,0.921
911,801,465,498,97.99,539.19,2025-07-04 17:21:01.940272,5.502
465,498,504,479,81.18,43.38,2025-07-04 17:21:02.992208,0.534
504,479,529,482,0.00,25.18,2025-07-04 17:21:03.400112,0.000
529,482,556,493,0.00,29.15,2025-07-04 17:21:03.898937,0.000
556,493,422,516,36.45,135.96,2025-07-04 17:21:08.143974,3.730
422,516,572,534,90.98,151.08,2025-07-04 17:21:10.317502,1.661
572,534,781,550,69.24,209.61,2025-07-04 17:21:13.766845,3.027
781,550,813,554,0.00,32.25,2025-07-04 17:21:14.157095,0.000
813,554,411,585,282.98,403.19,2025-07-04 17:21:16.655567,1.425
411,585,465,586,0.00,54.01,2025-07-04 17:21:17.039927,0.000
465,586,409,610,15.08,60.93,2025-07-04 17:21:21.607695,4.041
409,610,559,612,116.51,150.01,2025-07-04 17:21:23.317705,1.288
559,612,406,645,46.15,156.52,2025-07-04 17:21:28.023513,3.392
406,645,432,645,0.00,26.00,2025-07-04 17:21:28.407011,0.000
432,645,500,681,20.91,76.94,2025-07-04 17:21:32.493954,3.679
500,681,1005,439,243.63,559.99,2025-07-04 17:21:35.829311,2.299
1005,439,392,643,498.23,646.05,2025-07-04 17:21:37.507985,1.297
392,643,444,830,50.87,194.10,2025-07-04 17:21:41.718517,3.816
444,830,450,667,102.85,163.11,2025-07-04 17:21:43.732668,1.586
450,667,480,657,49.83,31.62,2025-07-04 17:21:44.909441,0.635
480,657,636,666,206.50,156.26,2025-07-04 17:21:46.066271,0.757
636,666,768,668,244.82,132.02,2025-07-04 17:21:46.994393,0.539
768,668,460,684,1207.03,308.42,2025-07-04 17:21:47.738063,0.256
460,684,402,693,34.70,58.69,2025-07-04 17:21:50.462198,1.692
402,693,633,692,202.98,231.00,2025-07-04 17:21:52.003597,1.138
633,692,660,693,0.00,27.02,2025-07-04 17:21:52.397620,0.000
660,693,914,696,84.52,254.02,2025-07-04 17:21:55.887805,3.005
914,696,783,700,354.98,131.06,2025-07-04 17:21:56.765680,0.369
783,700,864,698,345.56,81.02,2025-07-04 17:21:57.532590,0.234
864,698,421,717,652.00,443.41,2025-07-04 17:21:58.610229,0.680
421,717,409,760,13.92,44.64,2025-07-04 17:22:02.845958,3.208
409,760,511,788,187.86,105.77,2025-07-04 17:22:03.832736,0.563
511,788,553,757,209.20,52.20,2025-07-04 17:22:04.583961,0.250
553,757,419,793,67.58,138.75,2025-07-04 17:22:08.371100,2.053
419,793,522,799,205.42,103.17,2025-07-04 17:22:09.422199,0.502
522,799,704,796,174.33,182.02,2025-07-04 17:22:10.857944,1.044
704,796,850,795,234.91,146.00,2025-07-04 17:22:12.032221,0.622
850,795,422,827,497.64,429.19,2025-07-04 17:22:13.310396,0.862
422,827,396,826,0.00,26.02,2025-07-04 17:22:14.006877,0.000
396,826,584,826,143.94,188.00,2025-07-04 17:22:15.724872,1.306
584,826,612,826,0.00,28.00,2025-07-04 17:22:16.235914,0.000
612,826,647,829,0.00,35.13,2025-07-04 17:22:16.706405,0.000
647,829,672,827,0.00,25.08,2025-07-04 17:22:17.178688,0.000
672,827,480,854,214.01,193.89,2025-07-04 17:22:19.005613,0.906
480,854,957,649,282.33,519.19,2025-07-04 17:22:21.700215,1.839
957,649,985,642,0.00,28.86,2025-07-04 17:22:22.437408,0.000
985,642,570,725,1149.63,423.22,2025-07-04 17:22:23.208509,0.368
570,725,1195,688,210.47,626.09,2025-07-04 17:22:27.154932,2.975
1195,688,1334,653,124.68,143.34,2025-07-04 17:22:28.831340,1.150
1334,653,1332,682,0.00,29.07,2025-07-04 17:22:29.209676,0.000
1332,682,1338,635,11.09,47.38,2025-07-04 17:22:34.093319,4.273
1338,635,1337,661,22.77,26.02,2025-07-04 17:22:36.326113,1.143
1337,661,1298,648,0.00,41.11,2025-07-04 17:22:36.695247,0.000
1298,648,1092,641,43.40,206.12,2025-07-04 17:22:41.890974,4.749
1092,641,1429,809,172.09,376.55,2025-07-04 17:22:44.496072,2.188
1429,809,1464,785,0.00,42.44,2025-07-04 17:22:45.168767,0.000
1464,785,1423,802,31.51,44.38,2025-07-04 17:22:47.124082,1.409
1423,802,1444,816,0.00,25.24,2025-07-04 17:22:47.988656,0.000
1444,816,1459,838,0.00,26.63,2025-07-04 17:22:48.868910,0.000
1459,838,1470,772,254.03,66.91,2025-07-04 17:22:49.525020,0.263
1470,772,1482,746,0.00,28.64,2025-07-04 17:22:50.610999,0.000
1482,746,1458,823,305.65,80.65,2025-07-04 17:22:51.781890,0.264
1458,823,473,649,130.41,1000.25,2025-07-04 17:23:00.101330,7.670
473,649,919,824,918.28,479.10,2025-07-04 17:23:01.124893,0.522
919,824,817,777,77.66,112.31,2025-07-04 17:23:03.576680,1.446
817,777,831,752,0.00,28.65,2025-07-04 17:23:04.081807,0.000
831,752,860,745,0.00,29.83,2025-07-04 17:23:04.592855,0.000
860,745,886,741,0.00,26.31,2025-07-04 17:23:05.803021,0.000
886,741,798,941,187.08,218.50,2025-07-04 17:23:07.355235,1.168
798,941,799,966,0.00,25.02,2025-07-04 17:23:07.907720,0.000
799,966,1067,728,342.36,358.42,2025-07-04 17:23:09.469067,1.047
1067,728,1063,753,0.00,25.32,2025-07-04 17:23:09.857158,0.000
1063,753,1126,756,243.43,63.07,2025-07-04 17:23:10.820538,0.259
1126,756,1141,863,392.95,108.05,2025-07-04 17:23:11.850031,0.275
1141,863,1140,890,0.00,27.02,2025-07-04 17:23:12.340769,0.000
1140,890,998,805,313.06,165.50,2025-07-04 17:23:13.509134,0.529
998,805,978,695,118.59,111.80,2025-07-04 17:23:14.920909,0.943
978,695,1000,680,0.00,26.63,2025-07-04 17:23:16.397023,0.000
1000,680,1037,801,129.96,126.53,2025-07-04 17:23:17.759020,0.974
1037,801,849,859,189.45,196.74,2025-07-04 17:23:19.204428,1.039
849,859,882,830,0.00,43.93,2025-07-04 17:23:19.604997,0.000
882,830,912,747,137.01,88.26,2025-07-04 17:23:21.042984,0.644
912,747,459,618,179.77,471.01,2025-07-04 17:23:24.292657,2.620
459,618,467,630,4.68,14.42,2025-07-04 17:23:27.779464,3.081
467,630,887,790,147.92,449.44,2025-07-04 17:23:31.235997,3.038
887,790,884,818,0.00,28.16,2025-07-04 17:23:31.804861,0.000
884,818,986,752,79.91,121.49,2025-07-04 17:23:33.805026,1.520
986,752,810,919,570.24,242.62,2025-07-04 17:23:34.630207,0.425
810,919,800,942,0.00,25.08,2025-07-04 17:23:35.231583,0.000
800,942,899,711,421.40,251.32,2025-07-04 17:23:36.736821,0.596
899,711,797,739,192.55,105.77,2025-07-04 17:23:38.567035,0.549
797,739,871,802,197.10,97.19,2025-07-04 17:23:39.472178,0.493
871,802,987,694,512.12,158.49,2025-07-04 17:23:40.226129,0.309
987,694,916,341,158.66,360.07,2025-07-04 17:23:42.910088,2.269
916,341,943,338,0.00,27.17,2025-07-04 17:23:43.721815,0.000
943,338,919,707,43.79,369.78,2025-07-04 17:23:52.685145,8.444
919,707,934,686,0.00,25.81,2025-07-04 17:23:53.265063,0.000
934,686,962,682,0.00,28.28,2025-07-04 17:23:53.751113,0.000
962,682,832,442,506.45,272.95,2025-07-04 17:23:55.514520,0.539
832,442,865,318,69.71,128.32,2025-07-04 17:23:58.030611,1.841
865,318,1048,409,180.77,204.38,2025-07-04 17:23:59.530213,1.131
1048,409,1183,407,163.93,135.01,2025-07-04 17:24:00.797937,0.824
1183,407,862,414,824.56,321.08,2025-07-04 17:24:02.351552,0.389
862,414,803,215,213.05,207.56,2025-07-04 17:24:03.874478,0.974
803,215,792,419,452.65,204.30,2025-07-04 17:24:04.723346,0.451
792,419,804,449,0.00,32.31,2025-07-04 17:24:05.121538,0.000
804,449,862,475,174.57,63.56,2025-07-04 17:24:05.883855,0.364
862,475,887,477,0.00,25.08,2025-07-04 17:24:06.431354,0.000
887,477,922,479,0.00,35.06,2025-07-04 17:24:06.937818,0.000
922,479,851,479,283.97,71.00,2025-07-04 17:24:07.583812,0.250
851,479,1039,340,92.75,233.81,2025-07-04 17:24:10.695668,2.521
1039,340,1066,334,0.00,27.66,2025-07-04 17:24:11.055066,0.000
1066,334,938,609,773.06,303.33,2025-07-04 17:24:11.887174,0.392
938,609,962,621,0.00,26.83,2025-07-04 17:24:12.420725,0.000
962,621,868,748,642.67,158.00,2025-07-04 17:24:13.111841,0.246
868,748,837,821,94.32,79.31,2025-07-04 17:24:15.407947,0.841
837,821,985,399,148.21,447.20,2025-07-04 17:24:19.048315,3.017
985,399,1006,413,0.00,25.24,2025-07-04 17:24:20.346731,0.000
1006,413,970,695,1808.40,284.29,2025-07-04 17:24:21.024606,0.157
970,695,1693,803,1839.00,731.02,2025-07-04 17:24:24.021864,0.398
1693,803,1719,804,0.00,26.02,2025-07-04 17:24:26.225809,0.000
1719,804,1442,1039,667.34,363.25,2025-07-04 17:24:28.159437,0.544
