AOI_ID,x1,y1,x2,y2
AOI_1,311,11,452,30
AOI_2,17,52,517,73
AOI_3,29,175,1098,211
AOI_4,525,213,692,242
AOI_5,601,247,1278,283
AOI_6,525,284,1373,313
AOI_7,30,317,643,341
AOI_8,601,349,1308,379
AOI_9,33,382,1288,411
AOI_10,526,414,1327,444
AOI_11,601,447,1369,476
AOI_12,28,480,916,514
AOI_13,28,513,1190,554
AOI_14,525,545,1273,574
AOI_15,526,578,1319,607
AOI_16,526,610,891,640
AOI_17,601,643,1479,673
AOI_18,526,676,1234,705
AOI_19,526,708,1459,735
AOI_20,525,741,1473,768
AOI_21,526,774,628,798
AOI_22,527,806,1144,847
AOI_23,526,849,628,883
AOI_24,527,905,1047,941
AOI_25,526,944,779,973
AOI_26,527,1006,1054,1045
AOI_27,1196,1034,1261,1077
