fix_x,fix_y,start_time,end_time,duration,dispersion,distance,fix_start_ts,saccade_before_duration,regression_flag,fixation_count_in_AOI,AOI_1,AOI_2,AOI_3,AOI_4,AOI_5,AOI_6,AOI_7,AOI_8,AOI_9,AOI_10,AOI_11,AOI_12,AOI_13,AOI_14,AOI_15,AOI_16,AOI_17,AOI_18,AOI_19,AOI_20,AOI_21,AOI_22,AOI_23,AOI_24,AOI_25,AOI_26,AOI_27
235,74,2026-10-06 16:22:41.955152,2026-10-06 16:22:42.305809,0.351,4.53,246.38,1791283961955,0.000,0,0,False,False,False,False,False,False,False,False,False,False,False,False,False,False,False,False,False,False,False,False,False,False,False,False,False,False,False
222,43,2026-10-06 16:22:42.305809,2026-10-06 16:22:42.905789,0.600,16.53,226.13,1791283962305,0.351,1,0,False,False,False,False,False,False,False,False,False,False,False,False,False,False,False,False,False,False,False,False,False,False,False,False,False,False,False
213,75,2026-10-06 16:22:42.905789,2026-10-06 16:22:43.255689,0.350,2.24,225.82,1791283962905,0.600,0,0,False,False,False,False,False,False,False,False,False,False,False,False,False,False,False,False,False,False,False,False,False,False,False,False,False,False,False
607,218,2026-10-06 16:22:48.122030,2026-10-06 16:22:48.571907,0.450,16.57,644.96,1791283968122,5.216,0,1,False,False,False,True,False,False,False,False,False,False,False,False,False,False,False,False,False,False,False,False,False,False,False,False,False,False,False
616,224,2026-10-06 16:22:49.922650,2026-10-06 16:22:50.272713,0.350,0.00,655.46,1791283969922,1.801,0,2,False,False,False,True,False,False,False,False,False,False,False,False,False,False,False,False,False,False,False,False,False,False,False,False,False,False,False
895,265,2026-10-06 16:22:51.521632,2026-10-06 16:22:51.873338,0.352,1.58,933.41,1791283971521,1.599,0,1,False,False,False,False,True,False,False,False,False,False,False,False,False,False,False,False,False,False,False,False,False,False,False,False,False,False,False
921,262,2026-10-06 16:22:51.873338,2026-10-06 16:22:52.321591,0.448,6.01,957.54,1791283971873,0.352,1,2,False,False,False,False,True,False,False,False,False,False,False,False,False,False,False,False,False,False,False,False,False,False,False,False,False,False,False
949,258,2026-10-06 16:22:52.321591,2026-10-06 16:22:52.622652,0.301,0.00,983.45,1791283972321,0.448,1,3,False,False,False,False,True,False,False,False,False,False,False,False,False,False,False,False,False,False,False,False,False,False,False,False,False,False,False
1145,260,2026-10-06 16:22:53.272180,2026-10-06 16:22:53.621877,0.350,0.00,1174.15,1791283973272,0.951,0,4,False,False,False,False,True,False,False,False,False,False,False,False,False,False,False,False,False,False,False,False,False,False,False,False,False,False,False
623,297,2026-10-06 16:22:56.422370,2026-10-06 16:22:56.871833,0.449,13.04,690.17,1791283976422,3.150,0,1,False,False,False,False,False,True,False,False,False,False,False,False,False,False,False,False,False,False,False,False,False,False,False,False,False,False,False
1734,934,2026-10-06 16:22:59.772908,2026-10-06 16:23:01.344761,1.572,9.90,1969.55,1791283979772,3.351,0,0,False,False,False,False,False,False,False,False,False,False,False,False,False,False,False,False,False,False,False,False,False,False,False,False,False,False,False
591,400,2026-10-06 16:23:07.889251,2026-10-06 16:23:08.490680,0.601,5.50,713.64,1791283987889,8.116,1,1,False,False,False,False,False,False,False,False,True,False,False,False,False,False,False,False,False,False,False,False,False,False,False,False,False,False,False
999,404,2026-10-06 16:23:10.838234,2026-10-06 16:23:11.189292,0.351,1.12,1077.60,1791283990838,2.949,0,2,False,False,False,False,False,False,False,False,True,False,False,False,False,False,False,False,False,False,False,False,False,False,False,False,False,False,False
594,439,2026-10-06 16:23:13.738502,2026-10-06 16:23:14.039905,0.301,0.00,738.62,1791283993738,2.900,0,1,False,False,False,False,False,False,False,False,False,True,False,False,False,False,False,False,False,False,False,False,False,False,False,False,False,False,False
1115,434,2026-10-06 16:23:16.639839,2026-10-06 16:23:17.040397,0.401,2.00,1196.49,1791283996639,2.901,1,2,False,False,False,False,False,False,False,False,False,True,False,False,False,False,False,False,False,False,False,False,False,False,False,False,False,False,False
996,435,2026-10-06 16:23:18.489920,2026-10-06 16:23:18.839375,0.349,0.00,1086.85,1791283998489,1.850,0,3,False,False,False,False,False,False,False,False,False,True,False,False,False,False,False,False,False,False,False,False,False,False,False,False,False,False,False
970,436,2026-10-06 16:23:18.839375,2026-10-06 16:23:19.239291,0.400,2.00,1063.48,1791283998839,0.349,0,4,False,False,False,False,False,False,False,False,False,True,False,False,False,False,False,False,False,False,False,False,False,False,False,False,False,False,False
648,529,2026-10-06 16:23:22.122096,2026-10-06 16:23:22.523061,0.401,2.24,836.51,1791284002122,3.283,0,1,False,False,False,False,False,False,False,False,False,False,False,False,True,False,False,False,False,False,False,False,False,False,False,False,False,False,False
649,502,2026-10-06 16:23:22.523061,2026-10-06 16:23:23.372631,0.850,6.30,820.49,1791284002523,0.401,1,1,False,False,False,False,False,False,False,False,False,False,False,True,False,False,False,False,False,False,False,False,False,False,False,False,False,False,False
1234,463,2026-10-06 16:23:27.123487,2026-10-06 16:23:27.773312,0.650,12.57,1318.00,1791284007123,4.600,1,1,False,False,False,False,False,False,False,False,False,False,True,False,False,False,False,False,False,False,False,False,False,False,False,False,False,False,False
647,501,2026-10-06 16:23:28.721761,2026-10-06 16:23:29.023184,0.301,0.00,818.30,1791284008721,1.598,0,2,False,False,False,False,False,False,False,False,False,False,False,True,False,False,False,False,False,False,False,False,False,False,False,False,False,False,False
710,524,2026-10-06 16:23:30.022740,2026-10-06 16:23:30.372498,0.350,0.00,882.43,1791284010022,1.301,0,2,False,False,False,False,False,False,False,False,False,False,False,False,True,False,False,False,False,False,False,False,False,False,False,False,False,False,False
612,570,2026-10-06 16:23:32.121902,2026-10-06 16:23:32.772650,0.651,20.06,836.33,1791284012121,2.099,0,1,False,False,False,False,False,False,False,False,False,False,False,False,False,True,False,False,False,False,False,False,False,False,False,False,False,False,False
627,601,2026-10-06 16:23:35.139531,2026-10-06 16:23:35.792126,0.653,23.88,868.52,1791284015139,3.018,0,1,False,False,False,False,False,False,False,False,False,False,False,False,False,False,True,False,False,False,False,False,False,False,False,False,False,False,False
1068,613,2026-10-06 16:23:36.938708,2026-10-06 16:23:37.488872,0.550,14.29,1231.42,1791284016938,1.799,0,0,False,False,False,False,False,False,False,False,False,False,False,False,False,False,False,False,False,False,False,False,False,False,False,False,False,False,False
632,627,2026-10-06 16:23:38.088830,2026-10-06 16:23:38.388493,0.300,0.00,890.25,1791284018088,1.150,0,1,False,False,False,False,False,False,False,False,False,False,False,False,False,False,False,True,False,False,False,False,False,False,False,False,False,False,False
660,627,2026-10-06 16:23:38.388493,2026-10-06 16:23:38.689376,0.301,0.00,910.35,1791284018388,0.300,0,2,False,False,False,False,False,False,False,False,False,False,False,False,False,False,False,True,False,False,False,False,False,False,False,False,False,False,False
692,625,2026-10-06 16:23:38.689376,2026-10-06 16:23:39.089499,0.400,5.66,932.46,1791284018689,0.301,1,3,False,False,False,False,False,False,False,False,False,False,False,False,False,False,False,True,False,False,False,False,False,False,False,False,False,False,False
953,653,2026-10-06 16:23:40.488991,2026-10-06 16:23:41.189716,0.701,8.58,1155.26,1791284020488,1.800,0,1,False,False,False,False,False,False,False,False,False,False,False,False,False,False,False,False,True,False,False,False,False,False,False,False,False,False,False
979,653,2026-10-06 16:23:41.189716,2026-10-06 16:23:41.689633,0.500,3.35,1176.80,1791284021189,0.701,0,2,False,False,False,False,False,False,False,False,False,False,False,False,False,False,False,False,True,False,False,False,False,False,False,False,False,False,False
1310,656,2026-10-06 16:23:43.288396,2026-10-06 16:23:43.589489,0.301,0.00,1465.07,1791284023288,2.099,0,3,False,False,False,False,False,False,False,False,False,False,False,False,False,False,False,False,True,False,False,False,False,False,False,False,False,False,False
585,691,2026-10-06 16:23:44.338573,2026-10-06 16:23:44.839865,0.501,13.65,905.38,1791284024338,1.050,0,1,False,False,False,False,False,False,False,False,False,False,False,False,False,False,False,False,False,True,False,False,False,False,False,False,False,False,False
772,682,2026-10-06 16:23:45.390362,2026-10-06 16:23:45.689864,0.300,0.00,1030.10,1791284025390,1.052,1,2,False,False,False,False,False,False,False,False,False,False,False,False,False,False,False,False,False,True,False,False,False,False,False,False,False,False,False
740,718,2026-10-06 16:23:49.439444,2026-10-06 16:23:50.140289,0.701,24.08,1031.08,1791284029439,4.049,0,1,False,False,False,False,False,False,False,False,False,False,False,False,False,False,False,False,False,False,True,False,False,False,False,False,False,False,False
1228,717,2026-10-06 16:23:51.042177,2026-10-06 16:23:51.689253,0.647,4.58,1422.00,1791284031042,1.603,1,2,False,False,False,False,False,False,False,False,False,False,False,False,False,False,False,False,False,False,True,False,False,False,False,False,False,False,False
1345,720,2026-10-06 16:23:52.289759,2026-10-06 16:23:52.639915,0.350,1.58,1525.59,1791284032289,1.248,0,3,False,False,False,False,False,False,False,False,False,False,False,False,False,False,False,False,False,False,True,False,False,False,False,False,False,False,False
1373,718,2026-10-06 16:23:52.639915,2026-10-06 16:23:53.240283,0.600,4.85,1549.40,1791284032639,0.350,1,4,False,False,False,False,False,False,False,False,False,False,False,False,False,False,False,False,False,False,True,False,False,False,False,False,False,False,False
1399,719,2026-10-06 16:23:53.240283,2026-10-06 16:23:53.640650,0.400,0.50,1572.95,1791284033240,0.600,0,5,False,False,False,False,False,False,False,False,False,False,False,False,False,False,False,False,False,False,True,False,False,False,False,False,False,False,False
562,751,2026-10-06 16:23:54.090528,2026-10-06 16:23:54.639006,0.548,10.79,938.00,1791284034090,0.850,0,1,False,False,False,False,False,False,False,False,False,False,False,False,False,False,False,False,False,False,False,True,False,False,False,False,False,False,False
599,750,2026-10-06 16:23:55.488809,2026-10-06 16:23:56.389992,0.901,20.86,959.84,1791284035488,1.398,1,2,False,False,False,False,False,False,False,False,False,False,False,False,False,False,False,False,False,False,False,True,False,False,False,False,False,False,False
743,744,2026-10-06 16:23:56.989161,2026-10-06 16:23:57.673875,0.685,23.06,1051.47,1791284036989,1.500,1,3,False,False,False,False,False,False,False,False,False,False,False,False,False,False,False,False,False,False,False,True,False,False,False,False,False,False,False
1086,744,2026-10-06 16:23:59.322683,2026-10-06 16:23:59.622517,0.300,0.00,1316.41,1791284039322,2.334,0,4,False,False,False,False,False,False,False,False,False,False,False,False,False,False,False,False,False,False,False,True,False,False,False,False,False,False,False
1377,754,2026-10-06 16:24:01.073318,2026-10-06 16:24:01.573932,0.501,3.34,1569.92,1791284041073,1.751,0,5,False,False,False,False,False,False,False,False,False,False,False,False,False,False,False,False,False,False,False,True,False,False,False,False,False,False,False
1402,755,2026-10-06 16:24:01.573932,2026-10-06 16:24:02.273008,0.699,7.66,1592.37,1791284041573,0.501,0,6,False,False,False,False,False,False,False,False,False,False,False,False,False,False,False,False,False,False,False,True,False,False,False,False,False,False,False
1427,761,2026-10-06 16:24:02.273008,2026-10-06 16:24:03.473035,1.200,19.06,1617.24,1791284042273,0.699,0,7,False,False,False,False,False,False,False,False,False,False,False,False,False,False,False,False,False,False,False,True,False,False,False,False,False,False,False
561,792,2026-10-06 16:24:04.024093,2026-10-06 16:24:04.724237,0.700,14.44,970.56,1791284044024,1.751,0,1,False,False,False,False,False,False,False,False,False,False,False,False,False,False,False,False,False,False,False,False,True,False,False,False,False,False,False
638,814,2026-10-06 16:24:05.223105,2026-10-06 16:24:05.823355,0.600,19.36,1034.23,1791284045223,1.199,0,1,False,False,False,False,False,False,False,False,False,False,False,False,False,False,False,False,False,False,False,False,False,True,False,False,False,False,False
626,876,2026-10-06 16:24:07.223789,2026-10-06 16:24:07.673798,0.450,4.53,1076.69,1791284047223,2.001,0,1,False,False,False,False,False,False,False,False,False,False,False,False,False,False,False,False,False,False,False,False,False,False,True,False,False,False,False
628,942,2026-10-06 16:24:09.423226,2026-10-06 16:24:10.173175,0.750,18.72,1132.14,1791284049423,2.199,0,0,False,False,False,False,False,False,False,False,False,False,False,False,False,False,False,False,False,False,False,False,False,False,False,False,False,False,False
640,970,2026-10-06 16:24:10.173175,2026-10-06 16:24:10.672760,0.500,4.84,1162.11,1791284050173,0.750,0,1,False,False,False,False,False,False,False,False,False,False,False,False,False,False,False,False,False,False,False,False,False,False,False,False,True,False,False
1010,1001,2026-10-06 16:24:12.391437,2026-10-06 16:24:12.740040,0.349,0.00,1422.01,1791284052391,2.218,0,0,False,False,False,False,False,False,False,False,False,False,False,False,False,False,False,False,False,False,False,False,False,False,False,False,False,False,False
1171,1011,2026-10-06 16:24:13.542161,2026-10-06 16:24:14.344645,0.802,25.42,1547.05,1791284053542,1.151,0,0,False,False,False,False,False,False,False,False,False,False,False,False,False,False,False,False,False,False,False,False,False,False,False,False,False,False,False
1705,967,2026-10-06 16:24:15.497252,2026-10-06 16:24:15.894911,0.398,16.71,1960.13,1791284055497,1.955,1,0,False,False,False,False,False,False,False,False,False,False,False,False,False,False,False,False,False,False,False,False,False,False,False,False,False,False,False
