session,fix_x,fix_y,start_ts,end_ts,duration,dispersion,n_samples,saccade_before_duration,saccade_dx,saccade_dy,saccade_amplitude,regression_flag,regression_type,saccade_before_duration_legacy,regression_flag_legacy,aoi,label_t5,label_t10,label_t15,label_aoi_legacy
s11,417,76,1752324910.845998,1752324911.512583,0.6665849685668945,11.0,3,0.0,0,0,0.0,0,,0.0,0,AOI_2,0,0,0,0
s11,447,72,1752324911.512583,1752324911.936426,0.4238429069519043,0.0,1,0.0,30,-4,30.265491900843116,0,,0.6665849685668945,1,AOI_2,0,0,0,0
s11,481,75,1752324911.936426,1752324912.328711,0.3922851085662842,0.0,1,0.0,34,3,34.132096331752024,0,,0.4238429069519043,0,AOI_2,0,0,0,0
s11,669,64,1752324913.152677,1752324913.618873,0.4661958217620849,0.0,1,0.8239660263061523,188,-11,188.32153355365392,0,,1.2162511348724363,1,AOI_2,0,0,0,0
s11,1006,69,1752324915.415384,1752324915.814416,0.3990318775177002,0.0,1,1.796511173248291,337,5,337.0370899470858,0,,2.262706995010376,0,AOI_2,0,0,0,0
s11,1424,83,1752324917.846976,1752324918.374531,0.527554988861084,2.549509756796392,2,2.032560110092163,418,14,418.2343840479881,0,,2.4315919876098637,0,AOI_2,0,0,0,0
s11,399,118,1752324919.048802,1752324919.849763,0.8009610176086426,12.260199835239227,4,0.6742708683013916,-1025,35,1025.597386892147,0,,1.2018258571624756,0,AOI_3,0,0,0,0
s11,595,118,1752324920.826111,1752324921.225932,0.3998208045959472,0.0,1,0.9763481616973876,196,0,196.0,0,,1.7773091793060305,0,AOI_3,0,0,0,0
s11,975,128,1752324922.896282,1752324923.303207,0.4069249629974365,0.0,1,1.6703500747680664,380,10,380.13155617496426,0,,2.0701708793640137,0,AOI_3,0,0,0,0
s11,428,198,1752324923.719416,1752324924.124418,0.4050021171569824,0.0,1,0.4162089824676513,-547,70,551.4607873638886,0,,0.8231339454650879,0,AOI_4,0,0,0,0
s11,1293,173,1752324928.767805,1752324929.300894,0.5330889225006104,2.23606797749979,2,4.643387079238892,865,-25,865.3611962643114,0,,5.048389196395874,1,,0,0,0,0
s11,1338,201,1752324929.558272,1752324929.964917,0.4066450595855713,0.0,1,0.2573778629302978,45,28,53.0,0,,0.7904667854309082,0,AOI_4,0,0,0,0
s11,1379,210,1752324929.964917,1752324930.81404,0.8491230010986328,8.609587678861281,4,0.0,41,9,41.97618372363071,0,,0.4066450595855713,0,AOI_4,0,0,0,0
s11,1262,194,1752324931.088275,1752324931.52598,0.4377050399780273,0.0,1,0.2742350101470947,-117,-16,118.0889495253472,1,leftward,1.1233580112457275,1,AOI_4,0,0,0,0
s11,1155,213,1752324931.934381,1752324932.462332,0.5279510021209717,3.0413812651491097,2,0.4084010124206543,-107,19,108.67382389517726,1,leftward,0.8461060523986816,0,AOI_4,0,0,0,0
s11,426,305,1752324932.865883,1752324934.198699,1.3328158855438232,17.278961195627474,8,0.4035511016845703,-729,92,734.7822806791138,0,,0.931502103805542,0,AOI_5,0,0,0,0
s11,672,283,1752324935.747692,1752324936.159429,0.4117369651794433,0.0,1,1.5489931106567385,246,-22,246.9817807045694,0,,2.881808996200561,1,AOI_5,0,0,0,0
s11,731,287,1752324936.437517,1752324936.825605,0.3880879878997803,0.0,1,0.278087854385376,59,4,59.13543776789008,0,,0.6898248195648193,0,AOI_5,0,0,0,0
s11,1136,280,1752324939.350257,1752324939.740422,0.3901650905609131,0.0,1,2.524652004241944,405,-7,405.0604893099301,0,,2.912739992141724,1,AOI_5,0,0,0,0
s11,1201,291,1752324940.006371,1752324940.407039,0.4006679058074951,0.0,1,0.265949010848999,65,11,65.92419889539804,0,,0.6561141014099121,0,AOI_5,0,0,0,0
s11,455,343,1752324941.139542,1752324941.761395,0.6218528747558594,11.5,2,0.7325031757354736,-746,52,747.8101363314087,0,,1.1331710815429688,0,AOI_6,0,0,0,0
s11,558,344,1752324941.90542,1752324942.340968,0.4355478286743164,0.0,1,0.1440250873565673,103,1,103.00485425454472,0,,0.7658779621124268,0,AOI_6,0,0,0,0
s11,715,347,1752324943.004431,1752324943.404269,0.3998379707336426,0.0,1,0.6634631156921387,157,3,157.0286598045083,0,,1.099010944366455,0,AOI_6,0,0,0,0
s11,768,333,1752324943.67079,1752324944.07731,0.406520128250122,0.0,1,0.2665209770202636,53,-14,54.81788029466298,0,,0.6663589477539062,1,AOI_6,0,0,0,0
s11,1232,344,1752324946.618139,1752324947.027923,0.4097840785980224,0.0,1,2.5408289432525635,464,11,464.13036961612414,0,,2.947349071502685,0,AOI_6,0,0,0,0
s11,1292,341,1752324947.311643,1752324947.711859,0.4002161026000976,0.0,1,0.2837197780609131,60,-3,60.07495318350236,0,,0.6935038566589355,1,AOI_6,0,0,0,0
s11,1392,344,1752324948.256405,1752324948.649878,0.3934729099273681,0.0,1,0.5445461273193359,100,3,100.04498987955368,0,,0.9447622299194336,0,AOI_6,0,0,0,0
s11,1433,341,1752324948.649878,1752324949.156679,0.5068008899688721,0.0,1,0.0,41,-3,41.10960958218893,0,,0.3934729099273681,1,AOI_6,0,0,0,0
s11,397,365,1752324949.860345,1752324951.102429,1.24208402633667,22.22060084788027,7,0.7036659717559814,-1036,24,1036.2779549908412,1,leftward,1.2104668617248535,0,AOI_7,0,0,0,0
s11,450,375,1752324951.23837,1752324951.635419,0.3970489501953125,0.0,1,0.1359410285949707,53,10,53.9351462406472,0,,1.3780250549316406,0,AOI_7,0,0,0,0
s11,571,377,1752324952.312542,1752324952.743965,0.4314229488372803,0.0,1,0.6771230697631836,121,2,121.01652779682615,0,,1.074172019958496,0,AOI_7,0,0,0,0
s11,410,469,1752324955.314362,1752324956.040306,0.7259440422058105,16.0312195418814,3,2.570397138595581,-161,92,185.43192821086663,0,,3.0018200874328613,0,AOI_8,0,0,0,0
s11,886,464,1752324958.875481,1752324959.262556,0.3870751857757568,0.0,1,2.835174798965454,476,-5,476.0262597798571,0,,3.5611188411712646,1,AOI_8,0,0,0,0
s11,914,458,1752324959.262556,1752324959.924867,0.6623108386993408,6.342099196813519,3,0.0,28,-6,28.635642126552707,0,,0.3870751857757568,1,AOI_8,0,0,0,0
s11,1179,464,1752324961.589923,1752324961.991895,0.4019720554351806,0.0,1,1.6650559902191162,265,6,265.06791582535976,0,,2.327366828918457,0,AOI_8,0,0,1,0
s11,1219,466,1752324961.991895,1752324962.396149,0.4042539596557617,0.0,1,0.0,40,2,40.049968789001575,0,,0.4019720554351806,0,AOI_8,0,0,1,0
s11,1370,465,1752324962.922315,1752324963.322127,0.3998122215270996,0.0,1,0.5261659622192383,151,-1,151.0033112219729,0,,0.930419921875,1,AOI_8,0,0,1,0
s11,1398,463,1752324963.322127,1752324963.733274,0.411146879196167,0.0,1,0.0,28,-2,28.0713376952364,0,,0.3998122215270996,1,AOI_8,0,0,1,0
s11,425,501,1752324964.007615,1752324964.536514,0.5288989543914795,1.5,2,0.2743411064147949,-973,38,973.74175221154,0,,0.6854879856109619,0,AOI_9,0,0,1,0
s11,398,513,1752324964.536514,1752324965.070575,0.5340609550476074,4.123105625617661,2,0.0,-27,12,29.546573405388315,1,leftward,0.5288989543914795,0,AOI_9,0,0,1,0
s11,537,507,1752324965.90504,1752324966.319088,0.4140479564666748,0.0,1,0.8344650268554688,139,-6,139.12943613772032,0,,1.3685259819030762,1,AOI_9,0,1,1,0
s11,616,508,1752324966.592315,1752324967.058852,0.4665369987487793,0.0,1,0.2732269763946533,79,1,79.00632886041473,0,,0.6872749328613281,0,AOI_9,0,1,1,0
s11,966,514,1752324968.752963,1752324969.173222,0.4202589988708496,0.0,1,1.6941111087799072,350,6,350.051424793558,0,,2.1606481075286865,0,AOI_9,0,1,1,0
s11,1179,511,1752324970.277272,1752324970.66631,0.3890380859375,0.0,1,1.1040499210357666,213,-3,213.0211257129208,0,,1.5243089199066162,1,AOI_9,0,1,1,0
s11,414,541,1752324972.234545,1752324973.651876,1.417330980300903,14.921146906320573,8,1.568234920501709,-765,30,765.5880093104907,0,,1.957273006439209,0,AOI_10,1,1,1,1
s11,469,555,1752324973.940055,1752324974.724762,0.7847070693969727,20.25,4,0.2881789207458496,55,14,56.753854494650845,0,,1.705509901046753,0,AOI_10,1,1,1,1
s11,436,557,1752324974.724762,1752324975.688901,0.9641389846801758,19.90075375456921,5,0.0,-33,2,33.06055050963308,1,leftward,0.7847070693969727,0,AOI_10,1,1,1,1
s11,477,553,1752324975.688901,1752324976.518588,0.8296871185302734,3.5794552658190883,4,0.0,41,-4,41.19465984809196,0,,0.9641389846801758,1,AOI_10,1,1,1,1
s11,524,545,1752324976.518588,1752324976.912371,0.3937828540802002,0.0,1,0.0,47,-8,47.67598976424087,0,,0.8296871185302734,1,AOI_10,0,0,0,1
s11,1037,562,1752324979.278463,1752324979.677303,0.3988401889801025,0.0,1,2.3660919666290283,513,17,513.281599124691,0,,2.7598748207092285,0,AOI_10,0,0,0,1
s11,1312,567,1752324980.745966,1752324981.141576,0.3956100940704345,0.0,1,1.0686628818511963,275,5,275.04545078950133,0,,1.4675030708312988,0,AOI_10,0,0,0,1
s11,429,596,1752324981.811738,1752324983.289157,1.4774188995361328,22.446919555495025,9,0.6701619625091553,-883,29,883.4760890935306,0,,1.0657720565795898,0,AOI_11,0,0,1,1
s11,862,607,1752324985.287775,1752324985.696062,0.4082870483398437,0.0,1,1.9986181259155276,433,11,433.1397003277349,0,,3.47603702545166,0,AOI_11,0,0,1,1
s11,1084,605,1752324986.60621,1752324987.003326,0.39711594581604,0.0,1,0.9101479053497314,222,-2,222.00900882621855,0,,1.3184349536895752,1,AOI_11,0,1,1,1
s11,855,599,1752324987.398231,1752324987.788122,0.3898909091949463,0.0,1,0.3949050903320312,-229,-6,229.0785891348207,1,leftward,0.7920210361480713,1,AOI_11,0,1,1,1
s11,822,601,1752324987.788122,1752324988.185821,0.3976991176605224,0.0,1,0.0,-33,2,33.06055050963308,1,leftward,0.3898909091949463,0,AOI_11,0,1,1,1
s11,788,605,1752324988.185821,1752324988.723281,0.5374598503112793,5.024937810560445,2,0.0,-34,4,34.23448553724738,1,leftward,0.3976991176605224,0,AOI_11,0,1,1,1
s11,1380,596,1752324991.184737,1752324991.894027,0.7092900276184082,22.3358207570012,3,2.461456060409546,592,-9,592.0684082097271,0,,2.998915910720825,1,AOI_11,0,1,1,1
s11,795,608,1752324992.534414,1752324992.932391,0.3979768753051758,0.0,1,0.6403870582580566,-585,12,585.1230639788522,1,leftward,1.3496770858764648,0,AOI_11,1,1,1,1
s11,767,607,1752324992.932391,1752324993.731424,0.7990331649780273,10.012492197250394,4,0.0,-28,-1,28.0178514522438,1,leftward,0.3979768753051758,1,AOI_11,1,1,1,1
s11,900,608,1752324994.302493,1752324994.721286,0.4187929630279541,0.0,1,0.5710690021514893,133,1,133.00375934536586,0,,1.3701021671295166,0,AOI_11,1,1,1,1
s11,931,609,1752324994.721286,1752324995.365557,0.6442708969116211,16.41814714136637,3,0.0,31,1,31.016124838541646,0,,0.4187929630279541,0,AOI_11,1,1,1,1
s11,870,600,1752324995.499456,1752324995.90648,0.4070241451263428,0.0,1,0.1338989734649658,-61,-9,61.66036003787198,1,leftward,0.7781698703765869,1,AOI_11,1,1,1,1
s11,958,605,1752324996.295629,1752324996.823291,0.5276620388031006,3.0,2,0.3891489505767822,88,5,88.14193099768123,0,,0.796173095703125,0,AOI_11,1,1,1,1
s11,988,605,1752324996.823291,1752324997.50058,0.6772890090942383,7.363574011458208,3,0.0,30,0,30.0,0,,0.5276620388031006,0,AOI_11,1,1,1,1
s11,1369,612,1752324999.376814,1752324999.769982,0.3931682109832763,0.0,1,1.8762338161468504,381,7,381.064299036265,0,,2.553522825241089,0,AOI_11,0,0,0,1
s11,422,645,1752325000.301635,1752325001.211475,0.9098398685455322,20.591260281973973,5,0.5316529273986816,-947,33,947.5747991583568,0,,0.924821138381958,0,AOI_12,0,0,0,0
s11,604,649,1752325001.860556,1752325003.37812,1.517564058303833,27.230384263915397,9,0.6490809917449951,182,4,182.0439507371777,0,,1.5589208602905271,0,AOI_12,0,0,0,0
s11,744,655,1752325004.156781,1752325004.559423,0.402642011642456,0.0,1,0.7786610126495361,140,6,140.12851244482687,0,,2.296225070953369,0,AOI_12,0,0,0,0
s11,1270,651,1752325006.429466,1752325006.823329,0.3938629627227783,0.0,1,1.8700430393218996,526,-4,526.0152089055981,0,,2.2726850509643555,1,AOI_12,0,0,0,0
s11,429,692,1752325007.739921,1752325008.253283,0.513361930847168,0.0,1,0.9165921211242676,-841,41,841.9988123507063,0,,1.310455083847046,0,AOI_13,0,0,0,0
s11,552,700,1752325008.536649,1752325008.936123,0.3994739055633545,0.0,1,0.2833659648895263,123,8,123.25988804148736,0,,0.7967278957366943,0,AOI_13,0,0,0,0
s11,655,697,1752325009.202164,1752325009.730193,0.5280289649963379,6.5,2,0.2660410404205322,103,-3,103.04368005850722,0,,0.6655149459838867,1,AOI_13,0,0,0,0
s11,683,696,1752325009.730193,1752325010.251748,0.5215551853179932,9.055385138137416,2,0.0,28,-1,28.0178514522438,0,,0.5280289649963379,1,AOI_13,0,0,0,0
s11,736,771,1752325010.251748,1752325010.650939,0.3991909027099609,0.0,1,0.0,53,75,91.83681179135084,0,,0.5215551853179932,0,AOI_15,0,0,0,0
s11,748,708,1752325011.05403,1752325011.586279,0.5322489738464355,4.031128874149275,2,0.4030909538269043,12,-63,64.13267497929586,1,upward,0.8022818565368652,1,AOI_14,0,0,0,0
s11,760,679,1752325011.586279,1752325012.034123,0.4478440284729004,0.0,1,0.0,12,-29,31.38470965295043,1,upward,0.5322489738464355,1,AOI_13,0,0,0,0
s11,1190,687,1752325014.652251,1752325015.031248,0.3789970874786377,0.0,1,2.618128061294556,430,8,430.0744121660808,0,,3.065972089767456,0,AOI_13,0,0,0,0
s11,1285,678,1752325015.164593,1752325015.565572,0.4009790420532226,0.0,1,0.1333448886871338,95,-9,95.42536350467836,0,,0.5123419761657715,1,AOI_13,0,0,0,0
s11,1333,676,1752325015.565572,1752325016.075334,0.5097620487213135,1.0,2,0.0,48,-2,48.04164859785725,0,,0.4009790420532226,1,AOI_13,0,0,0,0
s11,1358,681,1752325016.075334,1752325016.470281,0.394946813583374,0.0,1,0.0,25,5,25.495097567963924,0,,0.5097620487213135,0,AOI_13,0,0,0,0
s11,420,732,1752325016.744025,1752325017.129863,0.3858380317687988,0.0,1,0.2737441062927246,-938,51,939.3854374004314,0,,0.6686909198760986,0,AOI_14,0,0,0,0
s11,394,734,1752325017.129863,1752325017.530241,0.4003779888153076,0.0,1,0.0,-26,2,26.0768096208106,1,leftward,0.3858380317687988,0,AOI_14,0,0,0,0
s11,435,781,1752325023.588842,1752325023.990703,0.4018611907958984,0.0,1,6.058600902557373,41,47,62.369864518050704,0,,6.458978891372681,0,AOI_15,0,0,0,0
s11,501,776,1752325024.123181,1752325024.759094,0.6359128952026367,3.5355339059327378,2,0.1324779987335205,66,-5,66.18912297349165,0,,0.534339189529419,1,AOI_15,0,0,0,0
s11,601,778,1752325025.033474,1752325025.431354,0.3978800773620605,0.0,1,0.2743799686431885,100,2,100.0199980003999,0,,0.9102928638458252,0,AOI_15,0,0,0,0
s11,864,779,1752325026.732161,1752325027.188401,0.4562399387359619,0.0,1,1.300806999206543,263,1,263.0019011338131,0,,1.6986870765686035,0,AOI_15,0,0,0,0
s11,408,830,1752325029.94891,1752325030.752259,0.8033490180969238,19.501602498256396,4,2.7605090141296387,-456,51,458.8431104419026,0,,3.2167489528656006,0,AOI_16,0,0,0,0
s11,571,836,1752325031.434897,1752325031.835205,0.4003081321716308,0.0,1,0.6826379299163818,163,6,163.11039206623224,0,,1.4859869480133057,0,AOI_16,0,0,0,0
s11,602,836,1752325031.835205,1752325032.241134,0.4059288501739502,0.0,1,0.0,31,0,31.0,0,,0.4003081321716308,0,AOI_16,0,0,0,0
s11,639,832,1752325032.241134,1752325032.63408,0.3929460048675537,0.0,1,0.0,37,-4,37.21558813185679,0,,0.4059288501739502,1,AOI_16,0,0,0,0
s11,432,876,1752325036.252634,1752325036.807698,0.5550639629364014,12.589678312014172,2,3.61855411529541,-207,44,211.62466774929615,0,,4.011500120162964,0,AOI_17,0,0,0,0
s11,412,908,1752325038.000349,1752325038.796172,0.7958228588104248,6.565905201197388,3,1.1926510334014893,-20,32,37.73592452822641,0,,1.7477149963378906,0,AOI_18,0,0,0,0
s11,512,868,1752325039.067181,1752325039.756936,0.6897549629211426,5.374838498865732,3,0.2710092067718506,100,-40,107.70329614269008,1,upward,1.0668320655822754,1,AOI_17,0,0,0,0
s11,600,876,1752325040.02111,1752325040.411402,0.3902919292449951,0.0,1,0.2641739845275879,88,8,88.36288813749809,0,,0.9539289474487304,0,AOI_17,0,0,0,0
s11,656,875,1752325040.411402,1752325040.811358,0.3999559879302978,0.0,1,0.0,56,-1,56.00892785976178,0,,0.3902919292449951,1,AOI_17,0,0,0,0
s11,484,884,1752325040.944361,1752325041.343588,0.3992271423339844,0.0,1,0.1330029964447021,-172,9,172.23530416264836,1,leftward,0.532958984375,0,AOI_18,0,0,0,0
s11,447,895,1752325041.343588,1752325041.748448,0.4048597812652588,0.0,1,0.0,-37,11,38.60051813123757,1,leftward,0.3992271423339844,0,AOI_18,0,0,0,0
s11,832,860,1752325044.113223,1752325044.514167,0.4009439945220947,0.0,1,2.3647751808166504,385,-35,386.58763560155415,1,upward,2.769634962081909,1,AOI_17,0,0,0,0
s11,463,924,1752325047.946121,1752325048.362402,0.41628098487854,0.0,1,3.4319539070129395,-369,64,374.5090119075908,0,,3.832897901535034,0,AOI_18,0,0,0,0
s11,433,923,1752325048.362402,1752325049.408904,1.0465021133422852,23.83566422168449,6,0.0,-30,-1,30.01666203960727,1,leftward,0.41628098487854,1,AOI_18,0,0,0,0
s11,725,921,1752325050.47057,1752325051.012948,0.5423779487609863,0.5,2,1.0616660118103027,292,-2,292.0068492347397,0,,2.108168125152588,1,AOI_18,0,0,0,0
s11,752,919,1752325051.012948,1752325051.434797,0.4218490123748779,0.0,1,0.0,27,-2,27.073972741361768,0,,0.5423779487609863,1,AOI_18,0,0,0,0
s11,823,920,1752325051.697231,1752325052.08858,0.3913488388061523,0.0,1,0.2624340057373047,71,1,71.00704190430693,0,,0.6842830181121826,0,AOI_18,0,0,0,0
s11,943,915,1752325052.487801,1752325053.144644,0.6568429470062256,7.071067811865476,3,0.3992211818695068,120,-5,120.10412149464314,0,,0.7905700206756592,1,AOI_18,0,0,0,0
s11,981,913,1752325053.144644,1752325053.54168,0.397036075592041,0.0,1,0.0,38,-2,38.05259518088089,0,,0.6568429470062256,1,AOI_18,0,0,0,0
s11,442,934,1752325055.601533,1752325055.999761,0.3982281684875488,0.0,1,2.059852838516236,-539,21,539.4089357806375,1,leftward,2.4568889141082764,0,AOI_19,0,0,0,1
s11,418,946,1752325055.999761,1752325056.715526,0.7157649993896484,6.289320754704407,3,0.0,-24,12,26.83281572999748,0,,0.3982281684875488,0,AOI_19,0,0,0,1
s11,476,971,1752325058.180788,1752325058.602249,0.4214608669281006,0.0,1,1.465261936187744,58,25,63.15853069855251,0,,2.1810269355773926,0,AOI_19,0,0,0,1
s11,423,996,1752325059.015807,1752325059.571798,0.5559911727905273,3.640054944640259,2,0.4135580062866211,-53,25,58.60034129593445,1,leftward,0.8350188732147217,0,,0,0,0,0
s11,538,1062,1752325059.571798,1752325060.134069,0.5622708797454834,4.609772228646444,2,0.0,115,66,132.59336333316233,0,,0.5559911727905273,0,,0,0,0,0
s11,511,1063,1752325060.134069,1752325060.533199,0.39913010597229,0.0,1,0.0,-27,1,27.018512172212592,1,leftward,0.5622708797454834,0,,0,0,1,0
s11,439,1025,1752325060.922664,1752325061.304491,0.3818271160125732,0.0,1,0.3894648551940918,-72,-38,81.41252974819048,1,upward,0.7885949611663818,1,,0,0,1,0
s11,427,995,1752325061.304491,1752325061.944734,0.6402430534362793,4.666666666666629,3,0.0,-12,-30,32.31098884280702,1,upward,0.3818271160125732,1,,0,0,1,0
s11,429,968,1752325061.944734,1752325062.950774,1.00603985786438,6.578753681359415,5,0.0,2,-27,27.073972741361768,1,upward,0.6402430534362793,1,AOI_19,0,0,1,1
s11,501,960,1752325063.210403,1752325063.870692,0.6602890491485596,17.66981104093145,3,0.2596290111541748,72,-8,72.44308110509934,0,,1.265668869018555,1,AOI_19,0,0,1,1
s11,448,958,1752325063.870692,1752325064.908782,1.0380899906158447,4.565084884205353,5,0.0,-53,-2,53.03772242470448,1,leftward,0.6602890491485596,1,AOI_19,0,0,1,1
s11,419,951,1752325064.908782,1752325065.777644,0.8688619136810303,11.9634861140054,4,0.0,-29,-7,29.8328677803526,1,leftward,1.0380899906158447,1,AOI_19,0,1,1,1
s11,592,955,1752325066.703951,1752325067.09558,0.3916292190551758,0.0,1,0.926306962966919,173,4,173.04623659588788,0,,1.7951688766479492,0,AOI_19,0,1,1,1
s11,773,951,1752325067.62261,1752325068.15714,0.5345299243927002,1.5,2,0.5270299911499023,181,-4,181.04419349981927,0,,0.918659210205078,1,AOI_19,0,1,1,1
s11,930,954,1752325069.09293,1752325069.621985,0.5290548801422119,3.0413812651491097,2,0.9357900619506836,157,3,157.0286598045083,0,,1.4703199863433838,0,AOI_19,0,1,1,1
s11,958,953,1752325069.621985,1752325070.401164,0.7791790962219238,5.5,4,0.0,28,-1,28.0178514522438,0,,0.5290548801422119,1,AOI_19,1,1,1,1
s11,1001,953,1752325070.401164,1752325070.799585,0.398421049118042,0.0,1,0.0,43,0,43.0,0,,0.7791790962219238,0,AOI_19,1,1,1,1
s11,588,957,1752325071.905338,1752325072.309908,0.4045698642730713,0.0,1,1.105752944946289,-413,4,413.0193700058146,1,leftward,1.504173994064331,0,AOI_19,1,1,1,1
s11,740,961,1752325073.725958,1752325074.173905,0.4479467868804931,0.0,1,1.4160501956939695,152,4,152.0526224699857,0,,1.820620059967041,0,AOI_19,1,1,1,1
s11,778,959,1752325074.173905,1752325074.608732,0.4348270893096924,0.0,1,0.0,38,-2,38.05259518088089,0,,0.4479467868804931,1,AOI_19,1,1,1,1
s11,808,959,1752325074.608732,1752325075.137324,0.5285921096801758,3.5355339059327378,2,0.0,30,0,30.0,0,,0.4348270893096924,0,AOI_19,1,1,1,1
s11,835,955,1752325075.137324,1752325076.08325,0.9459259510040284,9.33809402394305,5,0.0,27,-4,27.29468812791236,0,,0.5285921096801758,1,AOI_19,1,1,1,1
s11,932,956,1752325076.609887,1752325077.048528,0.4386410713195801,0.0,1,0.5266368389129639,97,1,97.0051545022222,0,,1.4725627899169922,0,AOI_19,0,0,0,1
s11,469,1010,1752325078.282239,1752325078.68685,0.4046111106872558,0.0,1,1.233711004257202,-463,54,466.1383914675984,0,,1.6723520755767822,0,,0,0,0,0
s11,1770,985,1752325078.950286,1752325079.48109,0.5308041572570801,2.9154759474226504,2,0.2634358406066894,1301,-25,1301.2401776766656,0,,0.6680469512939453,1,,0,0,0,0
