session,fix_x,fix_y,start_ts,end_ts,duration,dispersion,n_samples,saccade_before_duration,saccade_dx,saccade_dy,saccade_amplitude,regression_flag,regression_type,saccade_before_duration_legacy,regression_flag_legacy,aoi
s01,328,79,1752228744.181075,1752228745.372933,1.1918578147888184,12.230774167430843,7,0.0,0,0,0.0,0,,0.0,0,AOI_2
s01,355,80,1752228745.372933,1752228745.951539,0.578606128692627,2.692582403567252,2,0.0,27,1,27.018512172212592,0,,1.1918578147888184,0,AOI_2
s01,388,67,1752228745.951539,1752228746.481416,0.5298769474029541,5.024937810560445,2,0.0,33,-13,35.4682957019364,0,,0.578606128692627,1,AOI_2
s01,447,71,1752228746.863843,1752228747.235149,0.3713059425354004,0.0,1,0.3824269771575928,59,4,59.135437767890075,0,,0.9123039245605469,0,AOI_2
s01,481,72,1752228747.235149,1752228747.61257,0.37742114067077637,0.0,1,0.0,34,1,34.0147027033899,0,,0.3713059425354004,0,AOI_2
s01,646,76,1752228748.859235,1752228749.240086,0.38085103034973145,0.0,1,1.2466650009155273,165,4,165.04847772699995,0,,1.6240861415863037,0,AOI_2
s01,1160,88,1752228752.191288,1752228752.588688,0.39739990234375,0.0,1,2.951201915740967,514,12,514.1400587388615,0,,3.3320529460906982,0,AOI_2
s01,1207,87,1752228752.588688,1752228752.993663,0.40497517585754395,0.0,1,0.0,47,-1,47.01063709417264,0,,0.39739990234375,1,AOI_2
s01,1246,82,1752228752.993663,1752228753.492498,0.49883484840393066,0.0,1,0.0,39,-5,39.319206502675,0,,0.40497517585754395,1,AOI_2
s01,1301,81,1752228753.740184,1752228754.133691,0.3935070037841797,0.0,1,0.24768614768981934,55,-1,55.00909015790027,0,,0.74652099609375,1,AOI_2
s01,361,118,1752228754.89028,1752228755.767707,0.8774271011352539,19.60102038160261,5,0.7565889358520508,-940,37,940.7279096529453,0,,1.1500959396362305,0,AOI_3
s01,804,123,1752228757.82497,1752228758.28118,0.4562098979949951,0.0,1,2.057262897491455,443,5,443.02821580572044,0,,2.934689998626709,0,AOI_3
s01,957,156,1752228759.083867,1752228759.490117,0.40625,0.0,1,0.8026871681213379,153,33,156.51836952894698,0,,1.258897066116333,0,AOI_4
s01,1367,122,1752228761.586545,1752228761.964804,0.37825894355773926,0.0,1,2.0964279174804688,410,-34,411.40734072206345,1,upward,2.5026779174804688,1,AOI_3
s01,381,166,1752228762.532368,1752228763.676891,1.1445231437683105,31.064449134018133,7,0.5675640106201172,-986,44,986.9812561543406,0,,0.9458229541778564,0,AOI_4
s01,596,172,1752228764.662688,1752228765.058048,0.39535999298095703,0.0,1,0.9857969284057617,215,6,215.08370463612533,0,,2.1303200721740723,0,AOI_4
s01,1190,176,1752228767.948956,1752228768.338518,0.38956189155578613,0.0,1,2.8909080028533936,594,4,594.0134678607885,0,,3.2862679958343506,0,AOI_4
s01,1245,181,1752228768.608079,1752228768.980134,0.3720550537109375,0.0,1,0.2695610523223877,55,5,55.226805085936306,0,,0.6591229438781738,0,AOI_4
s01,1277,182,1752228768.980134,1752228769.459501,0.4793670177459717,0.0,1,0.0,32,1,32.01562118716424,0,,0.3720550537109375,0,AOI_4
s01,771,179,1752228771.346209,1752228771.831844,0.48563504219055176,0.0,1,1.8867080211639404,-506,-3,506.0088932024812,1,leftward,2.366075038909912,1,AOI_4
s01,796,178,1752228771.831844,1752228772.207036,0.37519192695617676,0.0,1,0.0,25,-1,25.019992006393608,0,,0.48563504219055176,1,AOI_4
s01,936,185,1752228772.582191,1752228773.116853,0.5346620082855225,0.0,1,0.375154972076416,140,7,140.1748907615055,0,,0.7503468990325928,0,AOI_4
s01,963,189,1752228773.116853,1752228773.68452,0.5676670074462891,11.543396380615196,2,0.0,27,4,27.294688127912362,0,,0.5346620082855225,0,AOI_4
s01,899,185,1752228773.815874,1752228774.496568,0.6806938648223877,15.059142664102025,3,0.13135409355163574,-64,-4,64.1248781675256,1,leftward,0.6990211009979248,1,AOI_4
s01,978,197,1752228775.318012,1752228775.704161,0.38614892959594727,0.0,1,0.821444034576416,79,12,79.90619500389191,0,,1.5021378993988037,0,AOI_4
s01,1028,178,1752228776.052734,1752228776.465732,0.4129981994628906,0.0,1,0.3485729694366455,50,-19,53.48831648126533,0,,0.7347218990325928,1,AOI_4
s01,1160,188,1752228777.003625,1752228777.387185,0.3835601806640625,0.0,1,0.5378928184509277,132,10,132.3782459469833,0,,0.9508910179138184,0,AOI_4
s01,1246,183,1752228777.997251,1752228778.481863,0.48461198806762695,0.0,1,0.6100659370422363,86,-5,86.14522621712709,0,,0.9936261177062988,1,AOI_4
s01,1273,180,1752228778.481863,1752228778.979116,0.4972529411315918,0.7071067811865476,2,0.0,27,-3,27.16615541441225,0,,0.48461198806762695,1,AOI_4
s01,1299,181,1752228778.979116,1752228779.823193,0.8440771102905273,19.1049731745428,4,0.0,26,1,26.019223662515376,0,,0.4972529411315918,0,AOI_4
s01,364,220,1752228780.465185,1752228781.21153,0.746345043182373,16.60655827610818,3,0.6419918537139893,-935,39,935.8130155111116,0,,1.4860689640045166,0,AOI_5
s01,372,272,1752228781.939957,1752228782.331027,0.3910701274871826,0.0,1,0.7284269332885742,8,52,52.61178575186362,0,,1.4747719764709473,0,None
s01,464,315,1752228784.232449,1752228784.697026,0.46457695960998535,0.0,1,1.9014220237731934,92,43,101.55294185792945,0,,2.292492151260376,0,AOI_6
s01,689,318,1752228786.465617,1752228786.948596,0.48297905921936035,0.0,1,1.7685909271240234,225,3,225.01999911119012,0,,2.233167886734009,0,AOI_6
s01,816,321,1752228787.445211,1752228787.856543,0.4113321304321289,0.0,1,0.496614933013916,127,3,127.03542812932147,0,,0.9795939922332764,0,AOI_6
s01,910,358,1752228788.492796,1752228788.993059,0.500262975692749,2.0,2,0.6362528800964355,94,37,101.01980003939822,0,,1.0475850105285645,0,AOI_7
s01,929,336,1752228788.993059,1752228789.607649,0.6145901679992676,2.692582403567252,2,0.0,19,-22,29.068883707497267,0,,0.500262975692749,1,AOI_6
s01,1045,343,1752228789.857508,1752228790.226907,0.3693990707397461,0.0,1,0.24985885620117188,116,7,116.21101496846157,0,,0.8644490242004395,0,AOI_6
s01,1073,338,1752228790.226907,1752228790.7344,0.5074930191040039,2.0615528128088303,2,0.0,28,-5,28.442925306655784,0,,0.3693990707397461,1,AOI_6
s01,1364,329,1752228792.579815,1752228793.103534,0.523719072341919,2.0615528128088303,2,1.8454148769378662,291,-9,291.1391419922783,0,,2.35290789604187,1,AOI_6
s01,350,364,1752228793.6168,1752228794.350906,0.7341058254241943,4.772607021092136,3,0.5132660865783691,-1014,35,1014.6038635842069,0,,1.036985158920288,0,AOI_7
s01,369,371,1752228795.00187,1752228795.560949,0.5590791702270508,5.852349955359813,2,0.6509640216827393,19,7,20.248456731316587,0,,1.3850698471069336,0,AOI_7
s01,576,364,1752228796.812555,1752228797.186159,0.37360382080078125,0.0,1,1.2516059875488281,207,-7,207.1183236703117,0,,1.810685157775879,1,AOI_7
s01,1384,370,1752228803.209087,1752228803.699399,0.4903120994567871,0.0,1,6.02292799949646,808,6,808.0222769206305,0,,6.396531820297241,0,AOI_7
s01,1413,368,1752228803.699399,1752228804.540588,0.841188907623291,8.503675675847475,4,0.0,29,-2,29.068883707497267,0,,0.4903120994567871,1,AOI_7
s01,357,407,1752228805.051829,1752228805.894399,0.8425698280334473,25.01124746988842,4,0.5112411975860596,-1056,39,1056.719925051099,0,,1.3524301052093506,0,AOI_8
s01,508,407,1752228807.602861,1752228807.979595,0.37673401832580566,0.0,1,1.7084619998931885,151,0,151.0,0,,2.5510318279266357,0,AOI_8
s01,566,414,1752228808.596052,1752228809.323244,0.7271921634674072,9.333333333333371,3,0.6164569854736328,58,7,58.42088667591412,0,,0.9931910037994385,0,AOI_8
s01,621,409,1752228809.687336,1752228810.159689,0.4723529815673828,0.0,1,0.3640918731689453,55,-5,55.226805085936306,0,,1.0912840366363525,1,AOI_8
s01,723,407,1752228810.467758,1752228810.908908,0.4411499500274658,0.0,1,0.30806899070739746,102,-2,102.0196059588548,0,,0.7804219722747803,1,AOI_8
s01,1351,448,1752228813.852234,1752228814.344295,0.49206113815307617,2.1213203435596424,2,2.943325996398926,628,41,629.3369526732083,0,,3.3844759464263916,0,AOI_9
s01,1367,418,1752228814.344295,1752228814.932104,0.5878090858459473,0.7071067811865476,2,0.0,16,-30,34.0,1,upward,0.49206113815307617,1,AOI_8
s01,348,464,1752228815.428147,1752228816.058261,0.6301138401031494,9.617692030835672,2,0.49604296684265137,-1019,46,1020.0377443996864,0,,1.0838520526885986,0,AOI_9
s01,1499,523,1752228821.245008,1752228821.762467,0.5174589157104492,4.272001872658765,2,5.186747074127197,1151,59,1152.511171312452,0,,5.816860914230347,0,None
s01,1503,490,1752228821.762467,1752228822.270541,0.5080740451812744,2.5495097567963922,2,0.0,4,-33,33.24154027718932,1,upward,0.5174589157104492,1,None
s01,363,493,1752228822.648839,1752228823.620894,0.9720549583435059,21.851137778665507,6,0.3782980442047119,-1140,3,1140.003947361587,1,leftward,0.8863720893859863,0,AOI_10
s01,409,507,1752228823.620894,1752228824.115818,0.49492406845092773,0.0,1,0.0,46,14,48.08326112068523,0,,0.9720549583435059,0,AOI_10
s01,435,503,1752228824.115818,1752228824.50263,0.3868119716644287,0.0,1,0.0,26,-4,26.30589287593181,0,,0.49492406845092773,1,AOI_10
s01,369,569,1752228829.985049,1752228831.01618,1.0311310291290283,22.676468468926615,6,5.482419013977051,-66,66,93.33809511662427,0,,5.8692309856414795,0,AOI_11
s01,600,612,1752228837.700347,1752228838.178669,0.47832202911376953,0.0,1,6.68416690826416,231,43,234.96808293893875,0,,7.7152979373931885,0,AOI_12
s01,706,614,1752228838.689457,1752228839.173628,0.48417115211486816,0.0,1,0.5107879638671875,106,2,106.01886624558857,0,,0.989109992980957,0,AOI_12
s01,560,609,1752228841.931776,1752228842.812823,0.8810470104217529,16.23083485221883,5,2.758147954940796,-146,-5,146.08559134972896,1,leftward,3.242319107055664,1,AOI_12
s01,585,607,1752228842.812823,1752228843.307124,0.49430084228515625,0.0,1,0.0,25,-2,25.079872407968907,0,,0.8810470104217529,1,AOI_12
s01,1060,618,1752228846.11252,1752228846.769414,0.6568939685821533,1.8027756377319946,2,2.80539608001709,475,11,475.1273513490883,0,,3.299696922302246,0,AOI_12
s01,1255,642,1752228847.968137,1752228848.718541,0.750403881072998,6.604922406811453,4,1.1987230777740479,195,24,196.4713719603953,0,,1.8556170463562012,0,AOI_13
s01,1135,608,1752228849.132629,1752228849.536184,0.40355515480041504,0.0,1,0.41408801078796387,-120,-34,124.72369462135092,1,upward,1.164491891860962,1,AOI_12
s01,995,607,1752228850.061854,1752228851.279211,1.2173571586608887,29.287107980774646,7,0.5256698131561279,-140,-1,140.00357138301865,1,leftward,0.929224967956543,1,AOI_12
s01,1045,608,1752228851.279211,1752228851.661695,0.38248395919799805,0.0,1,0.0,50,1,50.00999900019995,0,,1.2173571586608887,0,AOI_12
s01,355,655,1752228853.347824,1752228854.106797,0.7589728832244873,7.363574011458152,3,1.686129093170166,-690,47,691.5988721795316,0,,2.068613052368164,0,AOI_13
s01,567,648,1752228855.333955,1752228855.732101,0.3981459140777588,0.0,1,1.2271580696105957,212,-7,212.11553455605272,0,,1.986130952835083,1,AOI_13
s01,764,660,1752228856.702422,1752228857.164515,0.4620931148529053,0.0,1,0.9703209400177002,197,12,197.36514383244068,0,,1.368466854095459,0,AOI_13
s01,807,660,1752228857.164515,1752228857.538335,0.37382006645202637,0.0,1,0.0,43,0,43.0,0,,0.4620931148529053,0,AOI_13
s01,959,660,1752228858.065744,1752228858.573314,0.5075700283050537,3.5,2,0.5274088382720947,152,0,152.0,0,,0.9012289047241211,0,AOI_13
s01,989,662,1752228858.573314,1752228858.966415,0.3931009769439697,0.0,1,0.0,30,2,30.066592756745816,0,,0.5075700283050537,0,AOI_13
s01,1131,663,1752228859.661955,1752228860.146929,0.4849739074707031,0.0,1,0.695540189743042,142,1,142.00352108310554,0,,1.0886411666870117,0,AOI_13
s01,1169,663,1752228860.146929,1752228860.630198,0.48326897621154785,0.0,1,0.0,38,0,38.0,0,,0.4849739074707031,0,AOI_13
s01,1215,663,1752228860.630198,1752228861.017032,0.38683390617370605,0.0,1,0.0,46,0,46.0,0,,0.48326897621154785,0,AOI_13
s01,1342,666,1752228861.663709,1752228862.135391,0.471682071685791,0.0,1,0.6466770172119141,127,3,127.03542812932147,0,,1.0335109233856201,0,AOI_13
s01,358,711,1752228862.890778,1752228863.772433,0.8816549777984619,19.501602498256393,4,0.7553870677947998,-984,45,985.0284259857682,0,,1.2270691394805908,0,AOI_14
s01,360,761,1752228869.643006,1752228870.181527,0.5385208129882812,3.5,2,5.870573043823242,2,50,50.039984012787215,0,,6.752228021621704,0,AOI_15
s01,555,763,1752228870.816038,1752228871.348109,0.5320711135864258,2.5495097567963922,2,0.6345109939575195,195,2,195.0102561405425,0,,1.1730318069458008,0,AOI_15
s01,959,753,1752228874.081224,1752228874.704601,0.6233770847320557,8.0156097709407,2,2.7331149578094482,404,-10,404.1237434252039,0,,3.265186071395874,1,AOI_15
s01,1104,756,1752228875.20956,1752228875.621812,0.41225218772888184,0.0,1,0.5049588680267334,145,3,145.03103116229988,0,,1.128335952758789,0,AOI_15
s01,1141,760,1752228875.621812,1752228876.022428,0.400615930557251,0.0,1,0.0,37,4,37.21558813185679,0,,0.41225218772888184,0,AOI_15
s01,354,845,1752228876.294129,1752228876.999149,0.7050201892852783,16.749792701868166,3,0.2717008590698242,-787,85,791.5769071922197,0,,0.6723167896270752,0,AOI_16
s01,621,850,1752228878.39107,1752228878.812337,0.421267032623291,0.0,1,1.391920804977417,267,5,267.0468123756582,0,,2.0969409942626953,0,AOI_16
s01,876,847,1752228879.616855,1752228880.044523,0.42766809463500977,0.0,1,0.8045179843902588,255,-3,255.01764644824092,0,,1.2257850170135498,1,AOI_16
s01,1568,856,1752228883.220439,1752228884.240298,1.0198590755462646,5.011098792790972,6,3.1759159564971924,692,9,692.0585235368466,0,,3.603584051132202,0,AOI_16
s01,355,901,1752228884.6901,1752228885.729695,1.039595127105713,20.248456731316573,5,0.4498019218444824,-1213,45,1213.8344203391168,0,,1.469660997390747,0,AOI_17
s01,609,896,1752228886.81941,1752228887.365604,0.5461938381195068,4.527692569068709,2,1.0897150039672852,254,-5,254.04920783186867,0,,2.129310131072998,1,AOI_17
s01,645,896,1752228887.365604,1752228887.78311,0.41750597953796387,0.0,1,0.0,36,0,36.0,0,,0.5461938381195068,0,AOI_17
s01,380,951,1752228891.367123,1752228891.748721,0.38159799575805664,0.0,1,3.584012985229492,-265,55,270.64737205448716,0,,4.001518964767456,0,AOI_18
s01,354,955,1752228891.748721,1752228892.580451,0.8317301273345947,13.25,4,0.0,-26,4,26.30589287593181,1,leftward,0.38159799575805664,0,AOI_18
s01,607,960,1752228893.954552,1752228894.459105,0.5045530796051025,2.5,2,1.374100923538208,253,5,253.04940229133123,0,,2.2058310508728027,0,AOI_18
s01,634,952,1752228894.459105,1752228895.220065,0.7609601020812988,8.753570700005799,4,0.0,27,-8,28.160255680657446,0,,0.5045530796051025,1,AOI_18
s01,532,948,1752228895.560999,1752228896.213596,0.652597188949585,21.66923061752664,3,0.34093379974365234,-102,-4,102.07840124139877,1,leftward,1.1018939018249512,1,AOI_18
s01,613,947,1752228896.213596,1752228896.665206,0.45160984992980957,0.0,1,0.0,81,-1,81.00617260431454,0,,0.652597188949585,1,AOI_18
s01,658,948,1752228896.665206,1752228897.175016,0.5098099708557129,0.0,1,0.0,45,1,45.0111097397076,0,,0.45160984992980957,0,AOI_18
s01,729,945,1752228897.486412,1752228897.940165,0.4537529945373535,0.0,1,0.31139612197875977,71,-3,71.06335201775947,0,,0.8212060928344727,1,AOI_18
s01,1266,958,1752228900.114928,1752228900.528644,0.41371607780456543,0.0,1,2.1747629642486572,537,13,537.1573326316974,0,,2.6285159587860107,0,AOI_18
s01,1304,959,1752228900.528644,1752228900.908808,0.38016390800476074,0.0,1,0.0,38,1,38.01315561749642,0,,0.41371607780456543,0,AOI_18
s01,372,1007,1752228902.010273,1752228902.630402,0.6201291084289551,4.384315479321944,3,1.1014649868011475,-932,48,933.2352329396914,0,,1.4816288948059082,0,AOI_19
s01,1463,952,1752228902.955576,1752228903.49932,0.5437440872192383,0.5,2,0.32517385482788086,1091,-55,1092.3854631035695,1,upward,0.9453029632568359,1,AOI_18
s01,455,998,1752228903.872629,1752228904.485179,0.6125500202178955,1.0,2,0.3733088970184326,-1008,46,1009.0490572811611,0,,0.9170529842376709,0,AOI_19
s01,361,1007,1752228904.947683,1752228905.455283,0.5075998306274414,0.0,1,0.46250414848327637,-94,9,94.42986815621421,1,leftward,1.0750541687011719,0,AOI_19
s01,650,1001,1752228907.3471,1752228907.719471,0.37237095832824707,0.0,1,1.8918170928955078,289,-6,289.06227702694105,0,,2.399416923522949,1,AOI_19
s01,683,996,1752228907.719471,1752228908.098227,0.378756046295166,0.0,1,0.0,33,-5,33.37663853655727,0,,0.37237095832824707,1,AOI_19
s01,876,988,1752228908.881346,1752228909.310131,0.4287850856781006,0.0,1,0.7831189632415771,193,-8,193.1657319505714,0,,1.1618750095367432,1,AOI_19
s01,929,983,1752228909.668886,1752228910.055612,0.38672614097595215,0.0,1,0.35875487327575684,53,-5,53.23532661682466,0,,0.7875399589538574,1,AOI_19
s01,1208,993,1752228911.343991,1752228911.755962,0.411970853805542,0.0,1,1.2883789539337158,279,10,279.17915394957413,0,,1.675105094909668,0,AOI_19
s01,806,995,1752228912.209783,1752228913.200854,0.9910709857940674,15.754364474646412,5,0.45382118225097656,-402,2,402.0049750935926,1,leftward,0.8657920360565186,0,AOI_19
s01,1329,1005,1752228915.01231,1752228915.400698,0.38838791847229004,0.0,1,1.8114559650421143,523,10,523.0955935581947,0,,2.8025269508361816,0,AOI_19
s01,1363,1007,1752228915.400698,1752228915.887927,0.4872291088104248,0.0,1,0.0,34,2,34.058772731852805,0,,0.38838791847229004,0,AOI_19
