type,x,y,timestamp
"move","644","474","2025-07-04 15:17:12.495000"
"move","636","480","2025-07-04 15:17:13.916099"
"move","612","499","2025-07-04 15:17:13.940200"
"move","598","510","2025-07-04 15:17:13.956799"
"move","573","531","2025-07-04 15:17:13.973299"
"move","559","541","2025-07-04 15:17:13.993200"
"move","548","548","2025-07-04 15:17:14.013900"
"move","544","551","2025-07-04 15:17:14.024599"
"move","536","555","2025-07-04 15:17:14.041400"
"move","527","556","2025-07-04 15:17:14.057700"
"move","515","558","2025-07-04 15:17:14.073599"
"move","511","558","2025-07-04 15:17:14.090500"
"move","507","558","2025-07-04 15:17:14.107200"
"move","504","558","2025-07-04 15:17:14.124900"
"move","501","558","2025-07-04 15:17:14.142299"
"move","493","554","2025-07-04 15:17:14.158099"
"move","484","550","2025-07-04 15:17:14.175200"
"move","472","540","2025-07-04 15:17:14.190299"
"move","463","532","2025-07-04 15:17:14.212599"
"move","462","531","2025-07-04 15:17:14.223799"
"move","457","525","2025-07-04 15:17:14.239599"
"move","455","523","2025-07-04 15:17:14.257500"
"move","452","520","2025-07-04 15:17:14.274200"
"move","452","519","2025-07-04 15:17:14.290400"
"move","450","519","2025-07-04 15:17:14.307200"
"move","450","518","2025-07-04 15:17:14.323299"
"move","448","516","2025-07-04 15:17:14.339799"
"move","448","515","2025-07-04 15:17:14.357200"
"move","434","512","2025-07-04 15:17:14.764099"
"move","429","511","2025-07-04 15:17:14.778900"
"move","424","511","2025-07-04 15:17:14.798099"
"move","420","510","2025-07-04 15:17:14.807799"
"move","417","509","2025-07-04 15:17:14.824000"
"move","415","508","2025-07-04 15:17:14.842000"
"move","413","507","2025-07-04 15:17:14.857900"
"move","412","507","2025-07-04 15:17:14.874099"
"move","410","507","2025-07-04 15:17:14.903900"
"move","410","506","2025-07-04 15:17:14.957099"
"move","409","506","2025-07-04 15:17:14.972599"
"move","409","505","2025-07-04 15:17:15.693700"
"move","409","504","2025-07-04 15:17:15.783400"
"move","409","503","2025-07-04 15:17:15.919400"
"move","410","503","2025-07-04 15:17:16.308299"
"move","411","503","2025-07-04 15:17:17.029299"
"move","412","502","2025-07-04 15:17:17.054000"
"move","414","501","2025-07-04 15:17:17.072299"
"move","418","498","2025-07-04 15:17:17.087599"
"move","420","496","2025-07-04 15:17:17.104500"
"move","422","495","2025-07-04 15:17:17.121200"
"move","424","495","2025-07-04 15:17:17.138599"
"move","424","494","2025-07-04 15:17:17.155000"
"move","425","493","2025-07-04 15:17:17.171299"
"move","429","490","2025-07-04 15:17:17.187599"
"move","430","489","2025-07-04 15:17:17.204799"
"move","431","488","2025-07-04 15:17:17.220900"
"move","434","487","2025-07-04 15:17:17.237200"
"move","436","486","2025-07-04 15:17:17.254299"
"move","439","483","2025-07-04 15:17:17.271099"
"move","441","483","2025-07-04 15:17:17.288500"
"move","447","479","2025-07-04 15:17:17.306299"
"move","449","478","2025-07-04 15:17:17.322099"
"move","454","476","2025-07-04 15:17:17.338000"
"move","459","474","2025-07-04 15:17:17.354599"
"move","462","473","2025-07-04 15:17:17.371099"
"move","464","472","2025-07-04 15:17:17.387400"
"move","467","472","2025-07-04 15:17:17.405000"
"move","469","472","2025-07-04 15:17:17.421500"
"move","470","472","2025-07-04 15:17:17.437700"
"move","472","471","2025-07-04 15:17:17.455799"
"move","473","470","2025-07-04 15:17:17.471900"
"move","476","469","2025-07-04 15:17:17.487900"
"move","479","469","2025-07-04 15:17:17.505400"
"move","480","469","2025-07-04 15:17:17.521299"
"move","483","468","2025-07-04 15:17:17.537200"
"move","487","468","2025-07-04 15:17:17.555200"
"move","489","468","2025-07-04 15:17:17.571099"
"move","492","468","2025-07-04 15:17:17.587900"
"move","494","468","2025-07-04 15:17:17.604500"
"move","496","468","2025-07-04 15:17:17.620599"
"move","498","468","2025-07-04 15:17:17.637000"
"move","500","468","2025-07-04 15:17:17.654200"
"move","501","468","2025-07-04 15:17:17.680500"
"move","502","468","2025-07-04 15:17:17.689400"
"move","504","468","2025-07-04 15:17:17.704799"
"move","506","468","2025-07-04 15:17:17.753900"
"move","507","468","2025-07-04 15:17:17.770000"
"move","508","468","2025-07-04 15:17:17.803500"
"move","509","468","2025-07-04 15:17:17.854400"
"move","510","468","2025-07-04 15:17:17.882500"
"move","511","468","2025-07-04 15:17:17.920799"
"move","507","468","2025-07-04 15:17:24.518299"
"move","500","468","2025-07-04 15:17:24.533900"
"move","487","470","2025-07-04 15:17:24.548500"
"move","482","470","2025-07-04 15:17:24.566099"
"move","477","470","2025-07-04 15:17:24.583299"
"move","470","470","2025-07-04 15:17:24.601700"
"move","464","470","2025-07-04 15:17:24.615799"
"move","459","470","2025-07-04 15:17:24.632200"
"move","453","469","2025-07-04 15:17:24.648500"
"move","452","468","2025-07-04 15:17:24.665599"
"move","451","468","2025-07-04 15:17:24.681900"
"move","449","467","2025-07-04 15:17:24.698900"
"move","448","467","2025-07-04 15:17:24.727400"
"move","448","466","2025-07-04 15:17:24.765599"
"move","448","465","2025-07-04 15:17:24.816000"
"move","448","464","2025-07-04 15:17:24.877099"
"move","448","463","2025-07-04 15:17:24.892799"
"move","466","457","2025-07-04 15:17:24.919000"
"move","480","457","2025-07-04 15:17:24.932099"
"move","497","457","2025-07-04 15:17:24.948700"
"move","528","462","2025-07-04 15:17:24.968200"
"move","552","466","2025-07-04 15:17:24.984900"
"move","567","470","2025-07-04 15:17:24.998799"
"move","578","471","2025-07-04 15:17:25.015000"
"move","586","475","2025-07-04 15:17:25.032200"
"move","595","479","2025-07-04 15:17:25.051299"
"move","614","491","2025-07-04 15:17:25.067200"
"move","630","503","2025-07-04 15:17:25.090599"
"move","642","514","2025-07-04 15:17:25.114900"
"move","644","516","2025-07-04 15:17:25.134000"
"move","644","517","2025-07-04 15:17:25.148400"
"move","648","513","2025-07-04 15:17:25.458200"
"move","654","506","2025-07-04 15:17:25.468500"
"move","663","495","2025-07-04 15:17:25.481900"
"move","669","487","2025-07-04 15:17:25.498700"
"move","688","464","2025-07-04 15:17:25.517500"
"move","696","451","2025-07-04 15:17:25.532900"
"move","708","439","2025-07-04 15:17:25.547900"
"move","718","431","2025-07-04 15:17:25.565599"
"move","726","425","2025-07-04 15:17:25.581799"
"move","732","420","2025-07-04 15:17:25.598599"
"move","744","409","2025-07-04 15:17:25.614400"
"move","752","403","2025-07-04 15:17:25.631299"
"move","761","397","2025-07-04 15:17:25.648799"
"move","768","394","2025-07-04 15:17:25.663799"
"move","772","391","2025-07-04 15:17:25.681900"
"move","775","389","2025-07-04 15:17:25.698599"
"move","777","387","2025-07-04 15:17:25.728299"
"move","779","387","2025-07-04 15:17:25.754900"
"move","779","388","2025-07-04 15:17:26.273200"
"move","779","389","2025-07-04 15:17:26.314799"
"move","779","390","2025-07-04 15:17:26.331200"
"move","779","391","2025-07-04 15:17:26.381000"
"move","779","393","2025-07-04 15:17:26.429900"
"move","779","394","2025-07-04 15:17:26.446400"
"move","779","395","2025-07-04 15:17:26.467200"
"move","779","398","2025-07-04 15:17:26.479700"
"move","779","399","2025-07-04 15:17:26.558599"
"move","779","399","2025-07-04 15:17:27.015400"
"move","779","399","2025-07-04 15:17:27.030500"
"click","779","399","2025-07-04 15:17:27.048200"
"move","780","399","2025-07-04 15:17:27.450200"
"move","781","399","2025-07-04 15:17:27.464299"
"move","782","399","2025-07-04 15:17:27.512700"
"move","783","399","2025-07-04 15:17:27.530000"
"move","784","399","2025-07-04 15:17:27.641099"
"move","784","399","2025-07-04 15:17:27.964299"
"click","784","399","2025-07-04 15:17:28.083900"
"move","782","402","2025-07-04 15:17:28.427400"
"move","770","415","2025-07-04 15:17:28.445299"
"move","748","432","2025-07-04 15:17:28.462700"
"move","725","456","2025-07-04 15:17:28.479500"
"move","689","483","2025-07-04 15:17:28.495900"
"move","670","498","2025-07-04 15:17:28.512700"
"move","650","518","2025-07-04 15:17:28.531099"
"move","635","528","2025-07-04 15:17:28.545599"
"move","628","532","2025-07-04 15:17:28.562799"
"move","626","534","2025-07-04 15:17:28.581500"
"scroll","","0.800000011920929","2025-07-04 15:17:28.775599"
"scroll","","15.199999809265137","2025-07-04 15:17:28.779500"
"scroll","","68.80000305175781","2025-07-04 15:17:28.795900"
"scroll","","142.39999389648438","2025-07-04 15:17:28.812700"
"scroll","","212.8000030517578","2025-07-04 15:17:28.829299"
"scroll","","316.79998779296875","2025-07-04 15:17:28.844900"
"scroll","","391.20001220703125","2025-07-04 15:17:28.881599"
"scroll","","392.79998779296875","2025-07-04 15:17:28.896500"
"scroll","","418.3999938964844","2025-07-04 15:17:28.913599"
"scroll","","436.79998779296875","2025-07-04 15:17:28.928900"
"scroll","","452","2025-07-04 15:17:28.947900"
"scroll","","464.79998779296875","2025-07-04 15:17:28.962500"
"scroll","","475.20001220703125","2025-07-04 15:17:28.978700"
"scroll","","484.79998779296875","2025-07-04 15:17:28.997299"
"scroll","","492.79998779296875","2025-07-04 15:17:29.013900"
"scroll","","508","2025-07-04 15:17:29.061400"
"scroll","","514.4000244140625","2025-07-04 15:17:29.077599"
"scroll","","519.2000122070312","2025-07-04 15:17:29.093900"
"scroll","","524.7999877929688","2025-07-04 15:17:29.110500"
"scroll","","528.7999877929688","2025-07-04 15:17:29.127400"
"scroll","","534.4000244140625","2025-07-04 15:17:29.143900"
"scroll","","538.4000244140625","2025-07-04 15:17:29.160799"
"scroll","","540.7999877929688","2025-07-04 15:17:29.177099"
"scroll","","544.7999877929688","2025-07-04 15:17:29.194299"
"scroll","","548","2025-07-04 15:17:29.210700"
"scroll","","567.2000122070312","2025-07-04 15:17:29.279099"
"scroll","","590.4000244140625","2025-07-04 15:17:29.294700"
"scroll","","596","2025-07-04 15:17:29.310900"
"scroll","","600","2025-07-04 15:17:29.329500"
"scroll","","602.4000244140625","2025-07-04 15:17:29.344500"
"scroll","","603.2000122070312","2025-07-04 15:17:29.410799"
"scroll","","604","2025-07-04 15:17:29.429200"
"move","621","1139","2025-07-04 15:17:29.845500"
"move","608","1141","2025-07-04 15:17:29.863299"
"move","596","1143","2025-07-04 15:17:29.878900"
"move","576","1143","2025-07-04 15:17:29.895000"
"move","549","1143","2025-07-04 15:17:29.912099"
"move","533","1142","2025-07-04 15:17:29.928400"
"move","513","1139","2025-07-04 15:17:29.944700"
"move","491","1135","2025-07-04 15:17:29.962599"
"move","482","1133","2025-07-04 15:17:29.978099"
"move","469","1128","2025-07-04 15:17:29.995900"
"move","448","1123","2025-07-04 15:17:30.015099"
"move","442","1121","2025-07-04 15:17:30.030599"
"move","437","1119","2025-07-04 15:17:30.045299"
"move","434","1117","2025-07-04 15:17:30.061400"
"move","433","1115","2025-07-04 15:17:30.078200"
"move","431","1115","2025-07-04 15:17:30.095200"
"move","430","1115","2025-07-04 15:17:30.111099"
"move","429","1115","2025-07-04 15:17:30.128400"
"move","429","1113","2025-07-04 15:17:30.179700"
"move","428","1113","2025-07-04 15:17:30.206799"
"move","428","1115","2025-07-04 15:17:30.328400"
"move","429","1117","2025-07-04 15:17:30.344000"
"move","433","1121","2025-07-04 15:17:30.360900"
"move","438","1131","2025-07-04 15:17:30.379000"
"move","442","1139","2025-07-04 15:17:30.394099"
"move","444","1144","2025-07-04 15:17:30.411700"
"move","445","1148","2025-07-04 15:17:30.427299"
"move","445","1150","2025-07-04 15:17:30.444400"
"move","446","1151","2025-07-04 15:17:30.461099"
"move","447","1151","2025-07-04 15:17:30.594900"
"move","448","1151","2025-07-04 15:17:30.619200"
"move","449","1151","2025-07-04 15:17:30.632500"
"move","451","1151","2025-07-04 15:17:30.644299"
"move","453","1149","2025-07-04 15:17:30.661000"
"move","459","1144","2025-07-04 15:17:30.677599"
"move","460","1141","2025-07-04 15:17:30.694200"
"move","464","1139","2025-07-04 15:17:30.710900"
"move","466","1136","2025-07-04 15:17:30.729799"
"move","467","1134","2025-07-04 15:17:30.744000"
"move","470","1131","2025-07-04 15:17:30.760500"
"move","472","1126","2025-07-04 15:17:30.778900"
"move","474","1120","2025-07-04 15:17:30.793700"
"move","477","1114","2025-07-04 15:17:30.811099"
"move","481","1102","2025-07-04 15:17:30.828000"
"move","482","1098","2025-07-04 15:17:30.844599"
"move","484","1093","2025-07-04 15:17:30.861900"
"move","487","1085","2025-07-04 15:17:30.877299"
"move","488","1079","2025-07-04 15:17:30.894299"
"move","488","1072","2025-07-04 15:17:30.911000"
"move","490","1063","2025-07-04 15:17:30.927400"
"move","492","1059","2025-07-04 15:17:30.943700"
"move","493","1055","2025-07-04 15:17:30.961500"
"move","494","1054","2025-07-04 15:17:30.977799"
"move","496","1051","2025-07-04 15:17:30.994799"
"move","497","1049","2025-07-04 15:17:31.012099"
"move","500","1047","2025-07-04 15:17:31.027799"
"move","501","1046","2025-07-04 15:17:31.044099"
"move","503","1044","2025-07-04 15:17:31.061200"
"move","505","1043","2025-07-04 15:17:31.076900"
"move","506","1041","2025-07-04 15:17:31.093900"
"move","508","1039","2025-07-04 15:17:31.110900"
"move","508","1038","2025-07-04 15:17:31.127000"
"move","512","1034","2025-07-04 15:17:31.143500"
"move","516","1031","2025-07-04 15:17:31.161599"
"move","519","1030","2025-07-04 15:17:31.177599"
"move","524","1027","2025-07-04 15:17:31.194700"
"move","526","1025","2025-07-04 15:17:31.212000"
"move","527","1024","2025-07-04 15:17:31.227400"
"move","529","1023","2025-07-04 15:17:31.244200"
"move","532","1023","2025-07-04 15:17:31.260299"
"move","532","1022","2025-07-04 15:17:31.276500"
"move","533","1022","2025-07-04 15:17:31.294099"
"move","534","1022","2025-07-04 15:17:31.311299"
"move","535","1021","2025-07-04 15:17:31.327900"
"move","536","1021","2025-07-04 15:17:31.344299"
"move","536","1020","2025-07-04 15:17:31.360900"
"move","537","1020","2025-07-04 15:17:31.376900"
"move","538","1020","2025-07-04 15:17:31.393900"
"move","538","1019","2025-07-04 15:17:31.411599"
"move","539","1019","2025-07-04 15:17:31.427299"
"move","540","1019","2025-07-04 15:17:31.443900"
"move","541","1019","2025-07-04 15:17:31.460200"
"move","543","1018","2025-07-04 15:17:31.477000"
"move","544","1017","2025-07-04 15:17:31.493900"
"move","545","1017","2025-07-04 15:17:31.514799"
"move","546","1016","2025-07-04 15:17:31.530299"
"move","547","1016","2025-07-04 15:17:31.543200"
"move","548","1015","2025-07-04 15:17:31.560700"
"move","549","1015","2025-07-04 15:17:31.577000"
"move","550","1015","2025-07-04 15:17:31.594200"
"move","551","1014","2025-07-04 15:17:31.611099"
"move","552","1014","2025-07-04 15:17:31.627200"
"move","552","1013","2025-07-04 15:17:31.644099"
"move","555","1012","2025-07-04 15:17:31.660299"
"move","556","1012","2025-07-04 15:17:31.681099"
"move","557","1012","2025-07-04 15:17:31.701599"
"move","558","1011","2025-07-04 15:17:31.715299"
"move","559","1011","2025-07-04 15:17:31.728099"
"move","560","1011","2025-07-04 15:17:31.743299"
"move","561","1011","2025-07-04 15:17:31.761700"
"move","562","1011","2025-07-04 15:17:31.787400"
"move","563","1011","2025-07-04 15:17:31.799700"
"move","564","1011","2025-07-04 15:17:31.843799"
"move","565","1011","2025-07-04 15:17:31.860400"
"move","566","1011","2025-07-04 15:17:31.877299"
"move","567","1011","2025-07-04 15:17:31.893500"
"move","568","1011","2025-07-04 15:17:31.910599"
"move","569","1011","2025-07-04 15:17:31.932200"
"move","571","1011","2025-07-04 15:17:31.945900"
"move","572","1011","2025-07-04 15:17:31.959900"
"move","573","1011","2025-07-04 15:17:31.977599"
"move","574","1011","2025-07-04 15:17:31.993200"
"move","576","1011","2025-07-04 15:17:32.009900"
"move","577","1011","2025-07-04 15:17:32.026900"
"move","580","1011","2025-07-04 15:17:32.043299"
"move","583","1011","2025-07-04 15:17:32.060599"
"move","584","1011","2025-07-04 15:17:32.077200"
"move","585","1011","2025-07-04 15:17:32.093000"
"move","588","1011","2025-07-04 15:17:32.109400"
"move","589","1011","2025-07-04 15:17:32.126000"
"move","590","1011","2025-07-04 15:17:32.142700"
"move","591","1011","2025-07-04 15:17:32.160299"
"move","592","1010","2025-07-04 15:17:32.560400"
"move","594","1010","2025-07-04 15:17:32.576599"
"move","596","1009","2025-07-04 15:17:32.592000"
"move","599","1009","2025-07-04 15:17:32.609099"
"move","600","1009","2025-07-04 15:17:32.631799"
"move","601","1009","2025-07-04 15:17:32.653700"
"move","604","1008","2025-07-04 15:17:32.675599"
"move","605","1007","2025-07-04 15:17:32.692500"
"move","607","1007","2025-07-04 15:17:32.708500"
"move","609","1007","2025-07-04 15:17:32.734599"
"move","609","1006","2025-07-04 15:17:32.744900"
"move","610","1006","2025-07-04 15:17:32.759700"
"move","612","1006","2025-07-04 15:17:32.775200"
"move","613","1006","2025-07-04 15:17:32.792400"
"move","615","1006","2025-07-04 15:17:32.809400"
"move","616","1006","2025-07-04 15:17:32.825500"
"move","617","1006","2025-07-04 15:17:32.843400"
"move","619","1006","2025-07-04 15:17:32.858299"
"move","622","1006","2025-07-04 15:17:32.874700"
"move","624","1006","2025-07-04 15:17:32.891900"
"move","625","1006","2025-07-04 15:17:32.909000"
"move","628","1006","2025-07-04 15:17:32.928200"
"move","629","1006","2025-07-04 15:17:32.945000"
"move","631","1006","2025-07-04 15:17:32.958299"
"move","633","1006","2025-07-04 15:17:32.975000"
"move","634","1006","2025-07-04 15:17:33.025299"
"move","635","1006","2025-07-04 15:17:33.043000"
"move","636","1006","2025-07-04 15:17:33.111000"
"move","636","1007","2025-07-04 15:17:33.212599"
"move","634","1007","2025-07-04 15:17:33.224500"
"move","632","1009","2025-07-04 15:17:33.241299"
"move","631","1010","2025-07-04 15:17:33.258299"
"move","628","1011","2025-07-04 15:17:33.275000"
"move","628","1012","2025-07-04 15:17:33.303900"
"move","627","1012","2025-07-04 15:17:33.341599"
"move","627","1013","2025-07-04 15:17:33.366500"
"move","624","1014","2025-07-04 15:17:41.094200"
"move","622","1015","2025-07-04 15:17:41.105200"
"move","620","1016","2025-07-04 15:17:41.119299"
"move","616","1018","2025-07-04 15:17:41.136200"
"move","606","1024","2025-07-04 15:17:41.152299"
"move","596","1029","2025-07-04 15:17:41.169299"
"move","588","1034","2025-07-04 15:17:41.186099"
"move","581","1037","2025-07-04 15:17:41.202000"
"move","578","1039","2025-07-04 15:17:41.218900"
"move","575","1041","2025-07-04 15:17:41.236400"
"move","568","1045","2025-07-04 15:17:41.252000"
"move","564","1049","2025-07-04 15:17:41.269299"
"move","559","1051","2025-07-04 15:17:41.285799"
"move","552","1054","2025-07-04 15:17:41.302000"
"move","548","1055","2025-07-04 15:17:41.318400"
"move","544","1057","2025-07-04 15:17:41.335599"
"move","537","1059","2025-07-04 15:17:41.353400"
"move","533","1061","2025-07-04 15:17:41.368200"
"move","527","1064","2025-07-04 15:17:41.385400"
"move","518","1067","2025-07-04 15:17:41.405299"
"move","512","1069","2025-07-04 15:17:41.422700"
"move","510","1069","2025-07-04 15:17:41.435700"
"move","504","1072","2025-07-04 15:17:41.452000"
"move","499","1075","2025-07-04 15:17:41.478900"
"move","498","1075","2025-07-04 15:17:41.488900"
"move","497","1076","2025-07-04 15:17:41.502000"
"move","496","1076","2025-07-04 15:17:41.519099"
"move","494","1077","2025-07-04 15:17:41.536000"
"move","493","1078","2025-07-04 15:17:41.552200"
"move","492","1078","2025-07-04 15:17:41.569000"
"move","492","1079","2025-07-04 15:17:41.587500"
"move","490","1079","2025-07-04 15:17:41.612599"
"move","488","1081","2025-07-04 15:17:41.635700"
"move","487","1081","2025-07-04 15:17:41.661099"
"move","486","1081","2025-07-04 15:17:41.682000"
"move","486","1082","2025-07-04 15:17:41.717799"
"move","485","1082","2025-07-04 15:17:41.751099"
"move","484","1082","2025-07-04 15:17:41.802400"
"move","485","1082","2025-07-04 15:17:41.944299"
"move","486","1082","2025-07-04 15:17:41.958799"
"move","487","1082","2025-07-04 15:17:41.968299"
"move","489","1082","2025-07-04 15:17:41.986900"
"move","495","1081","2025-07-04 15:17:42.010700"
"move","497","1081","2025-07-04 15:17:42.036500"
"move","500","1081","2025-07-04 15:17:42.051799"
"move","502","1080","2025-07-04 15:17:42.073799"
"move","504","1080","2025-07-04 15:17:42.088099"
"move","505","1080","2025-07-04 15:17:42.160500"
"move","506","1080","2025-07-04 15:17:42.201599"
"move","512","1080","2025-07-04 15:17:44.743900"
"move","520","1080","2025-07-04 15:17:44.753799"
"move","539","1080","2025-07-04 15:17:44.765799"
"move","554","1082","2025-07-04 15:17:44.783000"
"move","569","1081","2025-07-04 15:17:44.799799"
"move","591","1078","2025-07-04 15:17:44.818799"
"move","609","1074","2025-07-04 15:17:44.833400"
"move","622","1070","2025-07-04 15:17:44.851099"
"move","639","1064","2025-07-04 15:17:44.867700"
"move","660","1055","2025-07-04 15:17:44.885200"
"move","668","1052","2025-07-04 15:17:44.900000"
"move","677","1047","2025-07-04 15:17:44.916700"
"move","690","1038","2025-07-04 15:17:44.934200"
"move","698","1032","2025-07-04 15:17:44.949299"
"move","708","1026","2025-07-04 15:17:44.967799"
"move","712","1023","2025-07-04 15:17:44.983200"
"move","715","1020","2025-07-04 15:17:45.000900"
"move","720","1017","2025-07-04 15:17:45.016400"
"move","723","1015","2025-07-04 15:17:45.032000"
"move","724","1014","2025-07-04 15:17:45.051099"
"move","724","1013","2025-07-04 15:17:45.065500"
"move","725","1012","2025-07-04 15:17:45.082000"
"move","726","1012","2025-07-04 15:17:45.099099"
"move","727","1012","2025-07-04 15:17:45.116000"
"move","730","1009","2025-07-04 15:17:45.132500"
"move","734","1006","2025-07-04 15:17:45.150799"
"move","740","1002","2025-07-04 15:17:45.166299"
"move","746","997","2025-07-04 15:17:45.182299"
"move","751","995","2025-07-04 15:17:45.198799"
"move","755","991","2025-07-04 15:17:45.215799"
"move","760","986","2025-07-04 15:17:45.232200"
"move","764","984","2025-07-04 15:17:45.252299"
"move","765","983","2025-07-04 15:17:45.265400"
"move","767","983","2025-07-04 15:17:45.281400"
"move","768","983","2025-07-04 15:17:45.302000"
"move","769","983","2025-07-04 15:17:45.359500"
"move","770","981","2025-07-04 15:17:45.381500"
"move","771","980","2025-07-04 15:17:45.400400"
"move","772","980","2025-07-04 15:17:45.415700"
"move","773","980","2025-07-04 15:17:45.444599"
"move","774","980","2025-07-04 15:17:45.482299"
"move","775","980","2025-07-04 15:17:45.498400"
"move","776","980","2025-07-04 15:17:45.515400"
"move","777","980","2025-07-04 15:17:45.533799"
"move","778","980","2025-07-04 15:17:45.547900"
"move","779","980","2025-07-04 15:17:45.598599"
"move","780","980","2025-07-04 15:17:45.625099"
"move","781","980","2025-07-04 15:17:45.674400"
"move","784","980","2025-07-04 15:17:45.698900"
"move","786","980","2025-07-04 15:17:45.748599"
"move","787","980","2025-07-04 15:17:45.773000"
"move","787","980","2025-07-04 15:17:46.051200"
"move","787","980","2025-07-04 15:17:46.097099"
"click","787","980","2025-07-04 15:17:46.186700"
"move","783","984","2025-07-04 15:17:46.511900"
"move","775","992","2025-07-04 15:17:46.521799"
"move","765","1002","2025-07-04 15:17:46.531099"
"move","742","1026","2025-07-04 15:17:46.549200"
"move","717","1051","2025-07-04 15:17:46.567000"
"move","692","1069","2025-07-04 15:17:46.582299"
"move","677","1088","2025-07-04 15:17:46.599299"
"move","664","1101","2025-07-04 15:17:46.616700"
"move","651","1109","2025-07-04 15:17:46.634799"
"move","646","1111","2025-07-04 15:17:46.655799"
"move","644","1113","2025-07-04 15:17:46.664900"
"move","643","1113","2025-07-04 15:17:46.682299"
"scroll","","639.2000122070312","2025-07-04 15:17:46.852500"
"scroll","","744","2025-07-04 15:17:46.864799"
"scroll","","846.4000244140625","2025-07-04 15:17:46.881000"
"scroll","","956","2025-07-04 15:17:46.898299"
"scroll","","956.7999877929688","2025-07-04 15:17:46.915099"
"scroll","","1035.199951171875","2025-07-04 15:17:46.932900"
"scroll","","1099.199951171875","2025-07-04 15:17:46.947799"
"scroll","","1155.199951171875","2025-07-04 15:17:46.963500"
"scroll","","1204.800048828125","2025-07-04 15:17:46.980299"
"scroll","","1248.800048828125","2025-07-04 15:17:46.996799"
"scroll","","1288.800048828125","2025-07-04 15:17:47.014599"
"scroll","","1326.4000244140625","2025-07-04 15:17:47.030900"
"scroll","","1360","2025-07-04 15:17:47.047900"
"scroll","","1391.199951171875","2025-07-04 15:17:47.066799"
"scroll","","1420","2025-07-04 15:17:47.084299"
"scroll","","1447.199951171875","2025-07-04 15:17:47.097400"
"scroll","","1472.800048828125","2025-07-04 15:17:47.114700"
"scroll","","1496.800048828125","2025-07-04 15:17:47.130299"
"scroll","","1519.199951171875","2025-07-04 15:17:47.147799"
"scroll","","1540.800048828125","2025-07-04 15:17:47.164200"
"scroll","","1560.800048828125","2025-07-04 15:17:47.181299"
"scroll","","1580","2025-07-04 15:17:47.198500"
"scroll","","1599.199951171875","2025-07-04 15:17:47.213700"
"scroll","","1616","2025-07-04 15:17:47.230200"
"scroll","","1616.800048828125","2025-07-04 15:17:47.801900"
"scroll","","1618.4000244140625","2025-07-04 15:17:47.832299"
"scroll","","1619.199951171875","2025-07-04 15:17:47.915700"
"scroll","","1620","2025-07-04 15:17:47.981000"
"scroll","","1628","2025-07-04 15:17:47.998099"
"scroll","","1651.199951171875","2025-07-04 15:17:48.013900"
"scroll","","1707.199951171875","2025-07-04 15:17:48.031599"
"scroll","","1752.800048828125","2025-07-04 15:17:48.048200"
"scroll","","1796","2025-07-04 15:17:48.078900"
"scroll","","1823.199951171875","2025-07-04 15:17:48.095700"
"scroll","","1824.800048828125","2025-07-04 15:17:48.112700"
"scroll","","1826.4000244140625","2025-07-04 15:17:48.128799"
"scroll","","1843.199951171875","2025-07-04 15:17:48.146099"
"scroll","","1855.199951171875","2025-07-04 15:17:48.162000"
"scroll","","1864","2025-07-04 15:17:48.178900"
"scroll","","1872","2025-07-04 15:17:48.195799"
"scroll","","1878.4000244140625","2025-07-04 15:17:48.212200"
"scroll","","1884","2025-07-04 15:17:48.228900"
"scroll","","1888.800048828125","2025-07-04 15:17:48.245700"
"scroll","","1892.800048828125","2025-07-04 15:17:48.262200"
"scroll","","1896.800048828125","2025-07-04 15:17:48.278799"
"scroll","","1900","2025-07-04 15:17:48.295599"
"scroll","","1903.199951171875","2025-07-04 15:17:48.312299"
"scroll","","1906.4000244140625","2025-07-04 15:17:48.328599"
"scroll","","1908","2025-07-04 15:17:48.345599"
"scroll","","1910.4000244140625","2025-07-04 15:17:48.362700"
"scroll","","1912","2025-07-04 15:17:48.378900"
"scroll","","1914.4000244140625","2025-07-04 15:17:48.395700"
"scroll","","1915.199951171875","2025-07-04 15:17:48.412599"
"scroll","","1916.800048828125","2025-07-04 15:17:48.428799"
"scroll","","1918.4000244140625","2025-07-04 15:17:48.445500"
"scroll","","1919.199951171875","2025-07-04 15:17:48.461900"
"scroll","","1920","2025-07-04 15:17:48.478799"
"scroll","","1920.800048828125","2025-07-04 15:17:48.495299"
"scroll","","1922.4000244140625","2025-07-04 15:17:48.512599"
"scroll","","1952","2025-07-04 15:17:48.646000"
"scroll","","1976","2025-07-04 15:17:48.663099"
"scroll","","1996","2025-07-04 15:17:48.680000"
"scroll","","2022.4000244140625","2025-07-04 15:17:48.695900"
"scroll","","2032","2025-07-04 15:17:48.713500"
"scroll","","2040.800048828125","2025-07-04 15:17:48.729500"
"scroll","","2044","2025-07-04 15:17:48.746000"
"scroll","","2046.4000244140625","2025-07-04 15:17:48.762400"
"scroll","","2048","2025-07-04 15:17:48.797700"
"scroll","","2048.800048828125","2025-07-04 15:17:48.812400"
"scroll","","2050.39990234375","2025-07-04 15:17:48.829900"
"scroll","","2051.199951171875","2025-07-04 15:17:48.864599"
"move","636","2562.199951171875","2025-07-04 15:17:49.534099"
"move","626","2563.199951171875","2025-07-04 15:17:49.545799"
"move","600","2563.199951171875","2025-07-04 15:17:49.562099"
"move","556","2563.199951171875","2025-07-04 15:17:49.581000"
"move","527","2562.199951171875","2025-07-04 15:17:49.596000"
"move","472","2553.199951171875","2025-07-04 15:17:49.612200"
"move","459","2550.199951171875","2025-07-04 15:17:49.628599"
"move","436","2540.199951171875","2025-07-04 15:17:49.645500"
"move","420","2534.199951171875","2025-07-04 15:17:49.664500"
"move","408","2530.199951171875","2025-07-04 15:17:49.679900"
"move","405","2529.199951171875","2025-07-04 15:17:49.696299"
"move","404","2527.199951171875","2025-07-04 15:17:49.714400"
"move","403","2527.199951171875","2025-07-04 15:17:49.729000"
"move","402","2527.199951171875","2025-07-04 15:17:50.793799"
"move","400","2529.199951171875","2025-07-04 15:17:50.808400"
"move","392","2536.199951171875","2025-07-04 15:17:50.831700"
"move","386","2542.199951171875","2025-07-04 15:17:50.846700"
"move","378","2550.199951171875","2025-07-04 15:17:50.861000"
"move","372","2558.199951171875","2025-07-04 15:17:50.878000"
"move","356","2574.199951171875","2025-07-04 15:17:50.894500"
"move","342","2582.199951171875","2025-07-04 15:17:50.911299"
"move","334","2586.199951171875","2025-07-04 15:17:50.929099"
"move","326","2590.199951171875","2025-07-04 15:17:50.947299"
"move","324","2591.199951171875","2025-07-04 15:17:50.962299"
"move","320","2592.199951171875","2025-07-04 15:17:50.980799"
"move","319","2592.199951171875","2025-07-04 15:17:50.996200"
"move","315","2592.199951171875","2025-07-04 15:17:51.012799"
"move","314","2592.199951171875","2025-07-04 15:17:51.028500"
"move","312","2592.199951171875","2025-07-04 15:17:51.044400"
"move","310","2591.199951171875","2025-07-04 15:17:51.060599"
"move","308","2588.199951171875","2025-07-04 15:17:51.077700"
"move","304","2584.199951171875","2025-07-04 15:17:51.094799"
"move","301","2581.199951171875","2025-07-04 15:17:51.110799"
"move","300","2579.199951171875","2025-07-04 15:17:51.131500"
"move","300","2578.199951171875","2025-07-04 15:17:51.145400"
"move","300","2576.199951171875","2025-07-04 15:17:51.164200"
"move","300","2572.199951171875","2025-07-04 15:17:51.179099"
"move","304","2567.199951171875","2025-07-04 15:17:51.194200"
"move","311","2561.199951171875","2025-07-04 15:17:51.210500"
"move","315","2558.199951171875","2025-07-04 15:17:51.227200"
"move","320","2554.199951171875","2025-07-04 15:17:51.245900"
"move","333","2549.199951171875","2025-07-04 15:17:51.261599"
"move","342","2547.199951171875","2025-07-04 15:17:51.279000"
"move","349","2544.199951171875","2025-07-04 15:17:51.294500"
"move","357","2543.199951171875","2025-07-04 15:17:51.311000"
"move","361","2542.199951171875","2025-07-04 15:17:51.328400"
"move","373","2541.199951171875","2025-07-04 15:17:51.354400"
"move","383","2541.199951171875","2025-07-04 15:17:51.378700"
"move","389","2541.199951171875","2025-07-04 15:17:51.394500"
"move","396","2540.199951171875","2025-07-04 15:17:51.410500"
"move","400","2540.199951171875","2025-07-04 15:17:51.428099"
"move","404","2540.199951171875","2025-07-04 15:17:51.444400"
"move","412","2540.199951171875","2025-07-04 15:17:51.460900"
"move","416","2540.199951171875","2025-07-04 15:17:51.477200"
"move","423","2540.199951171875","2025-07-04 15:17:51.494599"
"move","430","2540.199951171875","2025-07-04 15:17:51.510400"
"move","432","2540.199951171875","2025-07-04 15:17:51.527400"
"move","437","2540.199951171875","2025-07-04 15:17:51.547900"
"move","439","2540.199951171875","2025-07-04 15:17:51.560700"
"move","440","2540.199951171875","2025-07-04 15:17:51.580400"
"move","443","2540.199951171875","2025-07-04 15:17:51.594200"
"move","447","2538.199951171875","2025-07-04 15:17:51.612900"
"move","449","2538.199951171875","2025-07-04 15:17:51.627700"
"move","451","2537.199951171875","2025-07-04 15:17:51.643799"
"move","456","2535.199951171875","2025-07-04 15:17:51.661700"
"move","459","2534.199951171875","2025-07-04 15:17:51.678599"
"move","463","2531.199951171875","2025-07-04 15:17:51.694599"
"move","466","2530.199951171875","2025-07-04 15:17:51.710799"
"move","471","2527.199951171875","2025-07-04 15:17:51.728099"
"move","472","2525.199951171875","2025-07-04 15:17:51.744700"
"move","478","2522.199951171875","2025-07-04 15:17:51.762200"
"move","482","2520.199951171875","2025-07-04 15:17:51.777000"
"move","487","2518.199951171875","2025-07-04 15:17:51.794200"
"move","491","2517.199951171875","2025-07-04 15:17:51.811500"
"move","500","2514.199951171875","2025-07-04 15:17:51.827799"
"move","504","2513.199951171875","2025-07-04 15:17:51.845099"
"move","508","2512.199951171875","2025-07-04 15:17:51.861000"
"move","513","2510.199951171875","2025-07-04 15:17:51.880599"
"move","515","2510.199951171875","2025-07-04 15:17:51.895200"
"move","516","2510.199951171875","2025-07-04 15:17:51.910299"
"move","519","2510.199951171875","2025-07-04 15:17:51.926799"
"move","520","2510.199951171875","2025-07-04 15:17:51.944099"
"move","521","2509.199951171875","2025-07-04 15:17:51.962000"
"move","522","2508.199951171875","2025-07-04 15:17:51.977599"
"move","524","2508.199951171875","2025-07-04 15:17:51.995000"
"move","525","2508.199951171875","2025-07-04 15:17:52.027500"
"move","526","2507.199951171875","2025-07-04 15:17:52.061299"
"move","527","2507.199951171875","2025-07-04 15:17:53.035500"
"move","529","2508.199951171875","2025-07-04 15:17:53.044500"
"move","533","2509.199951171875","2025-07-04 15:17:53.061400"
"move","536","2510.199951171875","2025-07-04 15:17:53.077000"
"move","540","2514.199951171875","2025-07-04 15:17:53.093299"
"move","541","2514.199951171875","2025-07-04 15:17:53.109599"
"move","542","2515.199951171875","2025-07-04 15:17:53.126299"
"move","544","2515.199951171875","2025-07-04 15:17:53.143400"
"move","544","2516.199951171875","2025-07-04 15:17:53.161500"
"move","546","2517.199951171875","2025-07-04 15:17:53.180400"
"move","547","2517.199951171875","2025-07-04 15:17:53.195099"
"move","548","2517.199951171875","2025-07-04 15:17:53.211200"
"move","549","2517.199951171875","2025-07-04 15:17:53.295299"
"move","550","2517.199951171875","2025-07-04 15:17:53.350700"
"move","550","2518.199951171875","2025-07-04 15:17:53.362299"
"move","552","2518.199951171875","2025-07-04 15:17:53.376400"
"move","553","2518.199951171875","2025-07-04 15:17:53.400299"
"move","553","2519.199951171875","2025-07-04 15:17:53.409500"
"move","555","2520.199951171875","2025-07-04 15:17:53.427200"
"move","556","2521.199951171875","2025-07-04 15:17:53.443500"
"move","560","2522.199951171875","2025-07-04 15:17:53.460200"
"move","562","2522.199951171875","2025-07-04 15:17:53.477299"
"move","566","2522.199951171875","2025-07-04 15:17:53.494599"
"move","568","2522.199951171875","2025-07-04 15:17:53.512500"
"move","572","2522.199951171875","2025-07-04 15:17:53.527799"
"move","575","2522.199951171875","2025-07-04 15:17:53.544599"
"move","580","2523.199951171875","2025-07-04 15:17:53.562400"
"move","582","2523.199951171875","2025-07-04 15:17:53.579599"
"move","585","2523.199951171875","2025-07-04 15:17:53.594099"
"move","588","2523.199951171875","2025-07-04 15:17:53.613500"
"move","589","2523.199951171875","2025-07-04 15:17:53.627799"
"move","592","2524.199951171875","2025-07-04 15:17:53.643099"
"move","593","2525.199951171875","2025-07-04 15:17:53.660099"
"move","595","2526.199951171875","2025-07-04 15:17:53.676200"
"move","597","2526.199951171875","2025-07-04 15:17:53.693299"
"move","598","2526.199951171875","2025-07-04 15:17:53.709400"
"move","599","2526.199951171875","2025-07-04 15:17:53.727000"
"move","600","2526.199951171875","2025-07-04 15:18:02.292000"
"move","602","2526.199951171875","2025-07-04 15:18:02.302599"
"move","607","2525.199951171875","2025-07-04 15:18:02.319900"
"move","613","2522.199951171875","2025-07-04 15:18:02.336400"
"move","616","2520.199951171875","2025-07-04 15:18:02.353500"
"move","619","2519.199951171875","2025-07-04 15:18:02.369200"
"move","624","2518.199951171875","2025-07-04 15:18:02.386799"
"move","626","2518.199951171875","2025-07-04 15:18:02.402700"
"move","631","2517.199951171875","2025-07-04 15:18:02.422000"
"move","634","2516.199951171875","2025-07-04 15:18:02.436599"
"move","638","2514.199951171875","2025-07-04 15:18:02.456400"
"move","644","2512.199951171875","2025-07-04 15:18:02.470200"
"move","650","2511.199951171875","2025-07-04 15:18:02.490299"
"move","656","2510.199951171875","2025-07-04 15:18:02.504700"
"move","668","2504.199951171875","2025-07-04 15:18:02.527000"
"move","678","2498.199951171875","2025-07-04 15:18:02.540900"
"move","686","2491.199951171875","2025-07-04 15:18:02.552000"
"move","695","2482.199951171875","2025-07-04 15:18:02.570500"
"move","706","2469.199951171875","2025-07-04 15:18:02.590599"
"move","711","2462.199951171875","2025-07-04 15:18:02.601700"
"move","716","2452.199951171875","2025-07-04 15:18:02.619200"
"move","725","2433.199951171875","2025-07-04 15:18:02.635400"
"move","730","2425.199951171875","2025-07-04 15:18:02.652200"
"move","736","2418.199951171875","2025-07-04 15:18:02.668799"
"move","742","2414.199951171875","2025-07-04 15:18:02.686900"
"move","745","2410.199951171875","2025-07-04 15:18:02.702599"
"move","751","2405.199951171875","2025-07-04 15:18:02.723700"
"move","752","2403.199951171875","2025-07-04 15:18:02.735900"
"move","758","2401.199951171875","2025-07-04 15:18:02.752900"
"move","760","2399.199951171875","2025-07-04 15:18:02.770099"
"move","764","2399.199951171875","2025-07-04 15:18:02.786400"
"move","767","2399.199951171875","2025-07-04 15:18:02.804900"
"move","768","2399.199951171875","2025-07-04 15:18:02.819099"
"move","770","2399.199951171875","2025-07-04 15:18:02.835900"
"move","772","2401.199951171875","2025-07-04 15:18:02.852299"
"move","773","2405.199951171875","2025-07-04 15:18:02.870200"
"move","775","2413.199951171875","2025-07-04 15:18:02.888299"
"move","776","2422.199951171875","2025-07-04 15:18:02.907000"
"move","778","2429.199951171875","2025-07-04 15:18:02.923099"
"move","779","2437.199951171875","2025-07-04 15:18:02.935500"
"move","779","2442.199951171875","2025-07-04 15:18:02.951799"
"move","779","2445.199951171875","2025-07-04 15:18:02.969299"
"move","779","2446.199951171875","2025-07-04 15:18:02.986099"
"move","779","2447.199951171875","2025-07-04 15:18:03.002700"
"move","779","2448.199951171875","2025-07-04 15:18:03.020299"
"move","779","2450.199951171875","2025-07-04 15:18:03.038099"
"move","779","2453.199951171875","2025-07-04 15:18:03.051500"
"move","779","2456.199951171875","2025-07-04 15:18:03.068099"
"move","780","2458.199951171875","2025-07-04 15:18:03.087200"
"move","784","2462.199951171875","2025-07-04 15:18:03.101000"
"move","785","2463.199951171875","2025-07-04 15:18:03.117500"
"move","786","2464.199951171875","2025-07-04 15:18:03.134599"
"move","787","2464.199951171875","2025-07-04 15:18:03.184400"
"move","788","2464.199951171875","2025-07-04 15:18:03.214700"
"move","788","2464.199951171875","2025-07-04 15:18:03.554000"
"move","788","2464.199951171875","2025-07-04 15:18:03.569099"
"move","788","2464.199951171875","2025-07-04 15:18:03.585299"
"click","788","2464.199951171875","2025-07-04 15:18:03.656700"
"move","790","2471.199951171875","2025-07-04 15:18:04.081299"
"move","793","2480.199951171875","2025-07-04 15:18:04.102700"
"move","800","2504.199951171875","2025-07-04 15:18:04.118299"
"move","800","2516.199951171875","2025-07-04 15:18:04.136200"
"move","800","2521.199951171875","2025-07-04 15:18:04.152200"
"move","800","2523.199951171875","2025-07-04 15:18:04.169299"
"move","800","2524.199951171875","2025-07-04 15:18:04.185900"
"scroll","","2112","2025-07-04 15:18:04.639299"
"scroll","","2176.800048828125","2025-07-04 15:18:04.651799"
"scroll","","2244.800048828125","2025-07-04 15:18:04.667200"
"scroll","","2340","2025-07-04 15:18:04.683400"
"scroll","","2388","2025-07-04 15:18:04.700299"
"scroll","","2391.199951171875","2025-07-04 15:18:04.718799"
"scroll","","2424","2025-07-04 15:18:04.733500"
"scroll","","2451.199951171875","2025-07-04 15:18:04.750599"
"scroll","","2472.800048828125","2025-07-04 15:18:04.767200"
"scroll","","2491.199951171875","2025-07-04 15:18:04.783700"
"scroll","","2507.199951171875","2025-07-04 15:18:04.800900"
"scroll","","2520.800048828125","2025-07-04 15:18:04.817299"
"scroll","","2532.800048828125","2025-07-04 15:18:04.834500"
"scroll","","2544","2025-07-04 15:18:04.850700"
"scroll","","2555.199951171875","2025-07-04 15:18:04.867299"
"scroll","","2564","2025-07-04 15:18:04.886400"
"scroll","","2572.800048828125","2025-07-04 15:18:04.900799"
"scroll","","2580.800048828125","2025-07-04 15:18:04.932900"
"scroll","","2588","2025-07-04 15:18:04.949500"
"scroll","","2595.199951171875","2025-07-04 15:18:04.966400"
"scroll","","2602.39990234375","2025-07-04 15:18:04.984099"
"scroll","","2608","2025-07-04 15:18:04.999200"
"scroll","","2614.39990234375","2025-07-04 15:18:05.017400"
"scroll","","2619.199951171875","2025-07-04 15:18:05.033900"
"scroll","","2624","2025-07-04 15:18:05.050200"
"scroll","","2628.800048828125","2025-07-04 15:18:05.065700"
"scroll","","2634.39990234375","2025-07-04 15:18:05.082400"
"scroll","","2638.39990234375","2025-07-04 15:18:05.099700"
"scroll","","2639.199951171875","2025-07-04 15:18:05.253599"
"scroll","","2640","2025-07-04 15:18:05.350299"
"scroll","","2640.800048828125","2025-07-04 15:18:05.468799"
"scroll","","2642.39990234375","2025-07-04 15:18:05.550900"
"scroll","","2644","2025-07-04 15:18:05.584799"
"scroll","","2647.199951171875","2025-07-04 15:18:05.600700"
"scroll","","2650.39990234375","2025-07-04 15:18:05.616599"
"scroll","","2654.39990234375","2025-07-04 15:18:05.634099"
"scroll","","2662.39990234375","2025-07-04 15:18:05.649599"
"scroll","","2667.199951171875","2025-07-04 15:18:05.669400"
"scroll","","2672","2025-07-04 15:18:05.683000"
"scroll","","2678.39990234375","2025-07-04 15:18:05.699400"
"scroll","","2680.800048828125","2025-07-04 15:18:05.716700"
"scroll","","2682.39990234375","2025-07-04 15:18:05.734000"
"scroll","","2683.199951171875","2025-07-04 15:18:05.749299"
"move","799","3156.199951171875","2025-07-04 15:18:07.420500"
"move","798","3156.199951171875","2025-07-04 15:18:07.641400"
"move","797","3156.199951171875","2025-07-04 15:18:13.491500"
"move","796","3156.199951171875","2025-07-04 15:18:13.650500"
"move","795","3156.199951171875","2025-07-04 15:18:13.694599"
"move","794","3156.199951171875","2025-07-04 15:18:13.949000"
"move","793","3156.199951171875","2025-07-04 15:18:13.963000"
"move","792","3156.199951171875","2025-07-04 15:18:13.976799"
"move","791","3154.199951171875","2025-07-04 15:18:13.993700"
"move","788","3152.199951171875","2025-07-04 15:18:14.010099"
"move","785","3143.199951171875","2025-07-04 15:18:14.027599"
"move","784","3136.199951171875","2025-07-04 15:18:14.043599"
"move","781","3130.199951171875","2025-07-04 15:18:14.060700"
"move","780","3120.199951171875","2025-07-04 15:18:14.077900"
"move","776","3103.199951171875","2025-07-04 15:18:14.097799"
"move","770","3088.199951171875","2025-07-04 15:18:14.110400"
"move","766","3076.199951171875","2025-07-04 15:18:14.130200"
"move","762","3072.199951171875","2025-07-04 15:18:14.146400"
"move","760","3069.199951171875","2025-07-04 15:18:14.160099"
"move","758","3066.199951171875","2025-07-04 15:18:14.177000"
"move","756","3066.199951171875","2025-07-04 15:18:14.193200"
"move","754","3060.199951171875","2025-07-04 15:18:14.629000"
"move","744","3043.199951171875","2025-07-04 15:18:14.644200"
"move","740","3031.199951171875","2025-07-04 15:18:14.659700"
"move","734","3022.199951171875","2025-07-04 15:18:14.677299"
"move","728","3010.199951171875","2025-07-04 15:18:14.693099"
"move","724","2995.199951171875","2025-07-04 15:18:14.710200"
"move","721","2988.199951171875","2025-07-04 15:18:14.726500"
"move","717","2983.199951171875","2025-07-04 15:18:14.743000"
"move","716","2979.199951171875","2025-07-04 15:18:14.760000"
"move","715","2977.199951171875","2025-07-04 15:18:14.779700"
"move","714","2976.199951171875","2025-07-04 15:18:14.793000"
"move","712","2973.199951171875","2025-07-04 15:18:14.809500"
"move","710","2970.199951171875","2025-07-04 15:18:14.826200"
"move","708","2962.199951171875","2025-07-04 15:18:14.843200"
"move","705","2955.199951171875","2025-07-04 15:18:14.859599"
"move","704","2950.199951171875","2025-07-04 15:18:14.877099"
"move","701","2945.199951171875","2025-07-04 15:18:14.893500"
"move","700","2940.199951171875","2025-07-04 15:18:14.910000"
"move","700","2938.199951171875","2025-07-04 15:18:14.927000"
"move","700","2937.199951171875","2025-07-04 15:18:14.942799"
"move","700","2936.199951171875","2025-07-04 15:18:14.959299"
"move","700","2935.199951171875","2025-07-04 15:18:15.009000"
"move","700","2934.199951171875","2025-07-04 15:18:15.026299"
"move","700","2930.199951171875","2025-07-04 15:18:15.042900"
"move","700","2928.199951171875","2025-07-04 15:18:15.060599"
"move","700","2927.199951171875","2025-07-04 15:18:15.075799"
"move","701","2926.199951171875","2025-07-04 15:18:15.092700"
"move","701","2924.199951171875","2025-07-04 15:18:15.117900"
"move","701","2923.199951171875","2025-07-04 15:18:15.128500"
"move","702","2923.199951171875","2025-07-04 15:18:15.143000"
"move","702","2922.199951171875","2025-07-04 15:18:15.159299"
"move","702","2921.199951171875","2025-07-04 15:18:15.209799"
"move","702","2920.199951171875","2025-07-04 15:18:15.226000"
"move","702","2919.199951171875","2025-07-04 15:18:15.242200"
"move","702","2918.199951171875","2025-07-04 15:18:15.258900"
"move","701","2918.199951171875","2025-07-04 15:18:15.275200"
"move","700","2916.199951171875","2025-07-04 15:18:15.292599"
"move","696","2911.199951171875","2025-07-04 15:18:15.310900"
"move","695","2909.199951171875","2025-07-04 15:18:15.326400"
"move","694","2906.199951171875","2025-07-04 15:18:15.342299"
"move","693","2903.199951171875","2025-07-04 15:18:15.358299"
"move","692","2902.199951171875","2025-07-04 15:18:15.375099"
"move","692","2899.199951171875","2025-07-04 15:18:15.392099"
"move","691","2895.199951171875","2025-07-04 15:18:15.408299"
"move","691","2893.199951171875","2025-07-04 15:18:15.425599"
"move","691","2891.199951171875","2025-07-04 15:18:15.476000"
"move","691","2890.199951171875","2025-07-04 15:18:15.493000"
"move","691","2889.199951171875","2025-07-04 15:18:15.512099"
"move","691","2887.199951171875","2025-07-04 15:18:15.530400"
"move","691","2886.199951171875","2025-07-04 15:18:15.581000"
"move","690","2886.199951171875","2025-07-04 15:18:15.603000"
"move","690","2885.199951171875","2025-07-04 15:18:15.617099"
"move","689","2885.199951171875","2025-07-04 15:18:15.635700"
"move","689","2884.199951171875","2025-07-04 15:18:15.650200"
"move","687","2882.199951171875","2025-07-04 15:18:15.675599"
"move","685","2880.199951171875","2025-07-04 15:18:15.691599"
"move","684","2878.199951171875","2025-07-04 15:18:15.708500"
"move","683","2878.199951171875","2025-07-04 15:18:15.724799"
"move","682","2878.199951171875","2025-07-04 15:18:15.747500"
"move","682","2877.199951171875","2025-07-04 15:18:15.767599"
"move","682","2876.199951171875","2025-07-04 15:18:15.786700"
"move","681","2875.199951171875","2025-07-04 15:18:15.824799"
"move","681","2874.199951171875","2025-07-04 15:18:15.851500"
"move","681","2874.199951171875","2025-07-04 15:18:16.124400"
"move","681","2874.199951171875","2025-07-04 15:18:16.140500"
"click","681","2874.199951171875","2025-07-04 15:18:16.297200"
"move","686","2876.199951171875","2025-07-04 15:18:16.834000"
"move","710","2891.199951171875","2025-07-04 15:18:16.862299"
"move","720","2902.199951171875","2025-07-04 15:18:16.875200"
"move","749","2926.199951171875","2025-07-04 15:18:16.891700"
"move","776","2952.199951171875","2025-07-04 15:18:16.908299"
"move","801","2979.199951171875","2025-07-04 15:18:16.925200"
"move","824","2998.199951171875","2025-07-04 15:18:16.943500"
"move","832","3006.199951171875","2025-07-04 15:18:16.959200"
"move","838","3014.199951171875","2025-07-04 15:18:16.975500"
"move","842","3017.199951171875","2025-07-04 15:18:16.991599"
"move","843","3018.199951171875","2025-07-04 15:18:17.008700"
"scroll","","2682.39990234375","2025-07-04 15:18:17.195400"
"scroll","","2604.800048828125","2025-07-04 15:18:17.208500"
"scroll","","2508.800048828125","2025-07-04 15:18:17.224099"
"scroll","","2327.199951171875","2025-07-04 15:18:17.240400"
"scroll","","2264.800048828125","2025-07-04 15:18:17.257500"
"scroll","","2264","2025-07-04 15:18:17.273799"
"scroll","","2184","2025-07-04 15:18:17.290700"
"scroll","","2115.199951171875","2025-07-04 15:18:17.307599"
"scroll","","2059.199951171875","2025-07-04 15:18:17.324900"
"scroll","","2008","2025-07-04 15:18:17.356400"
"scroll","","1962.4000244140625","2025-07-04 15:18:17.372700"
"scroll","","1920.800048828125","2025-07-04 15:18:17.389500"
"scroll","","1883.199951171875","2025-07-04 15:18:17.406000"
"scroll","","1848","2025-07-04 15:18:17.422799"
"scroll","","1815.199951171875","2025-07-04 15:18:17.441500"
"scroll","","1784.800048828125","2025-07-04 15:18:17.456000"
"scroll","","1756.800048828125","2025-07-04 15:18:17.472700"
"scroll","","1730.4000244140625","2025-07-04 15:18:17.490000"
"scroll","","1704.800048828125","2025-07-04 15:18:17.506099"
"scroll","","1682.4000244140625","2025-07-04 15:18:17.522700"
"scroll","","1659.199951171875","2025-07-04 15:18:17.539200"
"scroll","","1639.199951171875","2025-07-04 15:18:17.556000"
"scroll","","1619.199951171875","2025-07-04 15:18:17.572599"
"scroll","","1600","2025-07-04 15:18:17.590000"
"scroll","","1580.800048828125","2025-07-04 15:18:17.605900"
"scroll","","1564","2025-07-04 15:18:17.622400"
"scroll","","1548","2025-07-04 15:18:17.639099"
"move","848","1866","2025-07-04 15:18:17.657900"
"scroll","","1532","2025-07-04 15:18:17.658000"
"move","890","1852","2025-07-04 15:18:17.675200"
"move","919","1842","2025-07-04 15:18:17.690400"
"move","994","1801","2025-07-04 15:18:17.707200"
"move","1040","1782","2025-07-04 15:18:17.725299"
"move","1112","1762","2025-07-04 15:18:17.758200"
"move","1140","1756","2025-07-04 15:18:17.777900"
"move","1147","1754","2025-07-04 15:18:17.790599"
"move","1164","1749","2025-07-04 15:18:17.807099"
"move","1168","1747","2025-07-04 15:18:17.823799"
"scroll","","1530.4000244140625","2025-07-04 15:18:18.030799"
"scroll","","1504.800048828125","2025-07-04 15:18:18.055900"
"scroll","","1394.4000244140625","2025-07-04 15:18:18.072299"
"scroll","","1315.199951171875","2025-07-04 15:18:18.089000"
"scroll","","1236","2025-07-04 15:18:18.105599"
"scroll","","1235.199951171875","2025-07-04 15:18:18.122099"
"scroll","","1160","2025-07-04 15:18:18.138900"
"scroll","","1091.199951171875","2025-07-04 15:18:18.155200"
"scroll","","1042.4000244140625","2025-07-04 15:18:18.172099"
"scroll","","995.2000122070312","2025-07-04 15:18:18.189299"
"scroll","","952","2025-07-04 15:18:18.205500"
"scroll","","914.4000244140625","2025-07-04 15:18:18.222000"
"scroll","","879.2000122070312","2025-07-04 15:18:18.239500"
"scroll","","844","2025-07-04 15:18:18.258599"
"scroll","","816","2025-07-04 15:18:18.272200"
"scroll","","788","2025-07-04 15:18:18.288900"
"scroll","","762.4000244140625","2025-07-04 15:18:18.306099"
"scroll","","736","2025-07-04 15:18:18.322000"
"scroll","","715.2000122070312","2025-07-04 15:18:18.338599"
"scroll","","692.7999877929688","2025-07-04 15:18:18.355200"
"scroll","","672.7999877929688","2025-07-04 15:18:18.372200"
"scroll","","652.7999877929688","2025-07-04 15:18:18.388500"
"scroll","","635.2000122070312","2025-07-04 15:18:18.405400"
"scroll","","616.7999877929688","2025-07-04 15:18:18.422000"
"scroll","","600.7999877929688","2025-07-04 15:18:18.441200"
"scroll","","564.7999877929688","2025-07-04 15:18:18.473000"
"scroll","","546.4000244140625","2025-07-04 15:18:18.490900"
"scroll","","532.7999877929688","2025-07-04 15:18:18.506400"
"scroll","","524.7999877929688","2025-07-04 15:18:18.524700"
"scroll","","523.2000122070312","2025-07-04 15:18:18.539400"
"scroll","","520.7999877929688","2025-07-04 15:18:18.557000"
"scroll","","520","2025-07-04 15:18:18.575000"
"scroll","","519.2000122070312","2025-07-04 15:18:18.694400"
"scroll","","518.4000244140625","2025-07-04 15:18:18.911700"
"scroll","","516.7999877929688","2025-07-04 15:18:18.927099"
"scroll","","515.2000122070312","2025-07-04 15:18:18.940299"
"scroll","","510.3999938964844","2025-07-04 15:18:18.957200"
"scroll","","500","2025-07-04 15:18:18.972500"
"scroll","","492","2025-07-04 15:18:18.992200"
"scroll","","482.3999938964844","2025-07-04 15:18:19.006900"
"scroll","","468","2025-07-04 15:18:19.022500"
"scroll","","462.3999938964844","2025-07-04 15:18:19.039299"
"scroll","","456.79998779296875","2025-07-04 15:18:19.055900"
"scroll","","450.3999938964844","2025-07-04 15:18:19.072599"
"scroll","","446.3999938964844","2025-07-04 15:18:19.107299"
"scroll","","443.20001220703125","2025-07-04 15:18:19.122799"
"scroll","","440.79998779296875","2025-07-04 15:18:19.139400"
"scroll","","440","2025-07-04 15:18:19.156200"
"scroll","","439.20001220703125","2025-07-04 15:18:19.172700"
"scroll","","438.3999938964844","2025-07-04 15:18:19.206599"
"scroll","","435.20001220703125","2025-07-04 15:18:19.527099"
"scroll","","428.79998779296875","2025-07-04 15:18:19.538900"
"scroll","","426.3999938964844","2025-07-04 15:18:19.559000"
"scroll","","423.20001220703125","2025-07-04 15:18:19.574599"
"scroll","","419.20001220703125","2025-07-04 15:18:19.589000"
"scroll","","416.79998779296875","2025-07-04 15:18:19.605299"
"scroll","","415.20001220703125","2025-07-04 15:18:19.625200"
"scroll","","412.79998779296875","2025-07-04 15:18:19.638799"
"scroll","","412","2025-07-04 15:18:19.655799"
"scroll","","411.20001220703125","2025-07-04 15:18:19.672799"
"scroll","","410.3999938964844","2025-07-04 15:18:19.740400"
"scroll","","408.79998779296875","2025-07-04 15:18:19.755500"
"scroll","","408","2025-07-04 15:18:19.772000"
"scroll","","406.3999938964844","2025-07-04 15:18:19.792500"
"scroll","","402.3999938964844","2025-07-04 15:18:19.805200"
"scroll","","399.20001220703125","2025-07-04 15:18:19.824700"
"scroll","","394.3999938964844","2025-07-04 15:18:19.838400"
"scroll","","391.20001220703125","2025-07-04 15:18:19.856200"
"scroll","","388.79998779296875","2025-07-04 15:18:19.873500"
"scroll","","387.20001220703125","2025-07-04 15:18:19.907599"
"scroll","","386.3999938964844","2025-07-04 15:18:19.921799"
"move","1165","601.3999938964844","2025-07-04 15:18:20.158700"
"move","1154","599.3999938964844","2025-07-04 15:18:20.180700"
"move","1150","599.3999938964844","2025-07-04 15:18:20.189000"
"move","1140","598.3999938964844","2025-07-04 15:18:20.210000"
"move","1133","597.3999938964844","2025-07-04 15:18:20.225799"
"move","1129","597.3999938964844","2025-07-04 15:18:20.239299"
"move","1126","597.3999938964844","2025-07-04 15:18:20.260200"
"move","1125","597.3999938964844","2025-07-04 15:18:20.272700"
"move","1123","597.3999938964844","2025-07-04 15:18:20.288700"
"move","1122","597.3999938964844","2025-07-04 15:18:20.348599"
"move","1121","597.3999938964844","2025-07-04 15:18:20.390500"
"move","1121","599.3999938964844","2025-07-04 15:18:23.078099"
"move","1118","613.3999938964844","2025-07-04 15:18:23.103400"
"move","1115","627.3999938964844","2025-07-04 15:18:23.119900"
"move","1113","634.3999938964844","2025-07-04 15:18:23.137400"
"move","1111","645.3999938964844","2025-07-04 15:18:23.153500"
"move","1106","665.3999938964844","2025-07-04 15:18:23.170000"
"move","1105","673.3999938964844","2025-07-04 15:18:23.192500"
"move","1104","677.3999938964844","2025-07-04 15:18:23.204200"
"move","1102","693.3999938964844","2025-07-04 15:18:23.227299"
"move","1101","702.3999938964844","2025-07-04 15:18:23.238599"
"move","1101","714.3999938964844","2025-07-04 15:18:23.260599"
"move","1101","718.3999938964844","2025-07-04 15:18:23.274299"
"move","1101","723.3999938964844","2025-07-04 15:18:23.287299"
"move","1101","725.3999938964844","2025-07-04 15:18:23.303799"
"move","1101","731.3999938964844","2025-07-04 15:18:23.319599"
"move","1101","735.3999938964844","2025-07-04 15:18:23.337299"
"move","1101","738.3999938964844","2025-07-04 15:18:23.352900"
"move","1104","752.3999938964844","2025-07-04 15:18:23.369799"
"move","1109","758.3999938964844","2025-07-04 15:18:23.388000"
"move","1112","766.3999938964844","2025-07-04 15:18:23.403700"
"move","1119","780.3999938964844","2025-07-04 15:18:23.423400"
"move","1122","788.3999938964844","2025-07-04 15:18:23.436500"
"move","1125","794.3999938964844","2025-07-04 15:18:23.453000"
"move","1128","801.3999938964844","2025-07-04 15:18:23.469500"
"move","1128","805.3999938964844","2025-07-04 15:18:23.485900"
"move","1128","807.3999938964844","2025-07-04 15:18:23.502599"
"move","1128","809.3999938964844","2025-07-04 15:18:23.519599"
"scroll","","378.3999938964844","2025-07-04 15:18:30.892299"
"scroll","","374.3999938964844","2025-07-04 15:18:30.896500"
"scroll","","370.3999938964844","2025-07-04 15:18:30.914299"
"scroll","","364.79998779296875","2025-07-04 15:18:30.930000"
"scroll","","364","2025-07-04 15:18:30.946299"
"scroll","","362.3999938964844","2025-07-04 15:18:30.980299"
"scroll","","360.79998779296875","2025-07-04 15:18:30.996299"
"move","1126","766.7999877929688","2025-07-04 15:18:31.217000"
"move","1121","741.7999877929688","2025-07-04 15:18:31.229500"
"move","1109","679.7999877929688","2025-07-04 15:18:31.247200"
"move","1104","655.7999877929688","2025-07-04 15:18:31.264299"
"move","1099","593.7999877929688","2025-07-04 15:18:31.280200"
"move","1093","526.7999877929688","2025-07-04 15:18:31.297099"
"move","1093","502.79998779296875","2025-07-04 15:18:31.314400"
"move","1093","463.79998779296875","2025-07-04 15:18:31.330500"
"move","1093","451.79998779296875","2025-07-04 15:18:31.347099"
"move","1094","443.79998779296875","2025-07-04 15:18:31.363599"
"move","1096","433.79998779296875","2025-07-04 15:18:31.379799"
"move","1099","429.79998779296875","2025-07-04 15:18:31.396200"
"move","1100","426.79998779296875","2025-07-04 15:18:31.413299"
"move","1100","425.79998779296875","2025-07-04 15:18:31.430200"
"move","1100","423.79998779296875","2025-07-04 15:18:31.446500"
"move","1102","422.79998779296875","2025-07-04 15:18:31.463299"
"move","1102","420.79998779296875","2025-07-04 15:18:31.480000"
"move","1103","419.79998779296875","2025-07-04 15:18:31.496700"
"move","1104","417.79998779296875","2025-07-04 15:18:31.512799"
"move","1104","416.79998779296875","2025-07-04 15:18:31.529200"
"move","1106","415.79998779296875","2025-07-04 15:18:31.545700"
"move","1107","413.79998779296875","2025-07-04 15:18:31.562700"
"move","1108","410.79998779296875","2025-07-04 15:18:31.579299"
"move","1110","406.79998779296875","2025-07-04 15:18:31.596299"
"move","1110","403.79998779296875","2025-07-04 15:18:31.612700"
"move","1110","402.79998779296875","2025-07-04 15:18:31.632900"
"move","1110","401.79998779296875","2025-07-04 15:18:31.651400"
"move","1110","400.79998779296875","2025-07-04 15:18:31.695700"
"move","1109","400.79998779296875","2025-07-04 15:18:31.731000"
"move","1108","400.79998779296875","2025-07-04 15:18:31.752200"
"move","1107","400.79998779296875","2025-07-04 15:18:31.766299"
"move","1106","400.79998779296875","2025-07-04 15:18:31.781400"
"move","1105","400.79998779296875","2025-07-04 15:18:31.795900"
"move","1104","400.79998779296875","2025-07-04 15:18:31.812500"
"move","1103","401.79998779296875","2025-07-04 15:18:31.861900"
"move","1103","402.79998779296875","2025-07-04 15:18:31.883400"
"move","1102","402.79998779296875","2025-07-04 15:18:31.895000"
"move","1101","402.79998779296875","2025-07-04 15:18:31.912200"
"move","1101","403.79998779296875","2025-07-04 15:18:31.928700"
"move","1100","403.79998779296875","2025-07-04 15:18:31.953200"
"move","1099","404.79998779296875","2025-07-04 15:18:31.995400"
"move","1099","405.79998779296875","2025-07-04 15:18:32.138799"
"move","1099","405.79998779296875","2025-07-04 15:18:32.448799"
"click","1099","405.79998779296875","2025-07-04 15:18:32.548599"
"move","1105","417.79998779296875","2025-07-04 15:18:32.944000"
"move","1126","445.79998779296875","2025-07-04 15:18:32.962500"
"move","1156","511.79998779296875","2025-07-04 15:18:32.979200"
"move","1168","541.7999877929688","2025-07-04 15:18:32.995500"
"move","1187","581.7999877929688","2025-07-04 15:18:33.012500"
"move","1203","611.7999877929688","2025-07-04 15:18:33.028900"
"move","1215","639.7999877929688","2025-07-04 15:18:33.049200"
"move","1217","643.7999877929688","2025-07-04 15:18:33.062200"
"move","1229","653.7999877929688","2025-07-04 15:18:33.078599"
"move","1235","657.7999877929688","2025-07-04 15:18:33.096799"
"move","1243","660.7999877929688","2025-07-04 15:18:33.112299"
"move","1252","666.7999877929688","2025-07-04 15:18:33.128799"
"move","1268","678.7999877929688","2025-07-04 15:18:33.151099"
"move","1273","683.7999877929688","2025-07-04 15:18:33.161900"
"move","1282","693.7999877929688","2025-07-04 15:18:33.178799"
"move","1288","698.7999877929688","2025-07-04 15:18:33.195200"
"move","1292","704.7999877929688","2025-07-04 15:18:33.211700"
"move","1298","714.7999877929688","2025-07-04 15:18:33.229599"
"move","1300","719.7999877929688","2025-07-04 15:18:33.244400"
"move","1304","727.7999877929688","2025-07-04 15:18:33.274400"
"move","1305","733.7999877929688","2025-07-04 15:18:33.293599"
"move","1305","735.7999877929688","2025-07-04 15:18:33.310599"
"move","1307","740.7999877929688","2025-07-04 15:18:33.327299"
"move","1308","743.7999877929688","2025-07-04 15:18:33.343700"
"move","1308","744.7999877929688","2025-07-04 15:18:33.362700"
"move","1308","746.7999877929688","2025-07-04 15:18:33.384900"
"move","1309","746.7999877929688","2025-07-04 15:18:33.405700"
"move","1309","747.7999877929688","2025-07-04 15:18:33.419000"
"move","1311","747.7999877929688","2025-07-04 15:18:33.440599"
"move","1312","749.7999877929688","2025-07-04 15:18:33.460299"
"move","1313","750.7999877929688","2025-07-04 15:18:33.476900"
"move","1316","753.7999877929688","2025-07-04 15:18:33.494299"
"move","1318","754.7999877929688","2025-07-04 15:18:33.510599"
"move","1322","756.7999877929688","2025-07-04 15:18:33.526900"
"move","1324","758.7999877929688","2025-07-04 15:18:33.543700"
"move","1326","759.7999877929688","2025-07-04 15:18:33.560099"
"move","1328","759.7999877929688","2025-07-04 15:18:33.576799"
"move","1329","759.7999877929688","2025-07-04 15:18:33.593700"
"move","1331","759.7999877929688","2025-07-04 15:18:33.610000"
"move","1334","760.7999877929688","2025-07-04 15:18:33.626799"
"move","1337","761.7999877929688","2025-07-04 15:18:33.644000"
"move","1342","766.7999877929688","2025-07-04 15:18:33.665000"
"move","1344","767.7999877929688","2025-07-04 15:18:33.680500"
"move","1345","769.7999877929688","2025-07-04 15:18:33.697599"
"move","1347","770.7999877929688","2025-07-04 15:18:33.710200"
"move","1348","770.7999877929688","2025-07-04 15:18:33.727299"
"move","1348","771.7999877929688","2025-07-04 15:18:33.743099"
"move","1348","772.7999877929688","2025-07-04 15:18:33.770700"
"move","1348","772.7999877929688","2025-07-04 15:18:34.159400"
"move","1348","772.7999877929688","2025-07-04 15:18:34.176200"
"click","1348","772.7999877929688","2025-07-04 15:18:34.313900"
"move","1350","773.7999877929688","2025-07-04 15:18:34.775400"
"move","1353","776.7999877929688","2025-07-04 15:18:34.794299"
"move","1357","781.7999877929688","2025-07-04 15:18:34.809599"
"move","1358","783.7999877929688","2025-07-04 15:18:34.826000"
"move","1359","787.7999877929688","2025-07-04 15:18:34.842900"
"move","1360","790.7999877929688","2025-07-04 15:18:34.860299"
"move","1363","793.7999877929688","2025-07-04 15:18:34.876200"
"move","1364","794.7999877929688","2025-07-04 15:18:34.892500"
"move","1365","795.7999877929688","2025-07-04 15:18:34.909900"
"move","1365","796.7999877929688","2025-07-04 15:18:34.926500"
"move","1367","799.7999877929688","2025-07-04 15:18:34.942799"
"move","1368","799.7999877929688","2025-07-04 15:18:34.959299"
"move","1369","801.7999877929688","2025-07-04 15:18:34.975500"
"move","1370","801.7999877929688","2025-07-04 15:18:34.993500"
"move","1370","802.7999877929688","2025-07-04 15:18:35.009099"
"move","1370","803.7999877929688","2025-07-04 15:18:35.031000"
"move","1371","803.7999877929688","2025-07-04 15:18:35.053000"
"move","1371","803.7999877929688","2025-07-04 15:18:35.286700"
"click","1371","803.7999877929688","2025-07-04 15:18:35.498299"