fix_x,fix_y,start_time,end_time,duration,dispersion,distance,fix_start_ts,saccade_before_duration,regression_flag,fixation_count_in_AOI,AOI_2,AOI_3,AOI_4,AOI_5,AOI_6,AOI_7,AOI_8,AOI_9,AOI_10,AOI_11,AOI_12,AOI_13,AOI_14,AOI_15,AOI_16,AOI_17,AOI_18,AOI_19
354,89,2025-07-11 15:59:01.118916,2025-07-11 15:59:02.343019,1.224,10.75,365.02,1752229741118,0.000,0,1,True,False,False,False,False,False,False,False,False,False,False,False,False,False,False,False,False,False
374,154,2025-07-11 15:59:05.529128,2025-07-11 15:59:05.927372,0.398,0.00,404.47,1752229745529,4.410,0,1,False,False,True,False,False,False,False,False,False,False,False,False,False,False,False,False,False,False
1380,132,2025-07-11 15:59:08.977321,2025-07-11 15:59:09.526278,0.549,2.24,1386.30,1752229748977,3.448,1,1,False,True,False,False,False,False,False,False,False,False,False,False,False,False,False,False,False,False
390,180,2025-07-11 15:59:10.038234,2025-07-11 15:59:10.545219,0.507,0.00,429.53,1752229750038,1.061,0,2,False,False,True,False,False,False,False,False,False,False,False,False,False,False,False,False,False,False
389,241,2025-07-11 15:59:14.080370,2025-07-11 15:59:14.543140,0.463,0.00,457.60,1752229754080,4.042,0,0,False,False,False,False,False,False,False,False,False,False,False,False,False,False,False,False,False,False
576,335,2025-07-11 15:59:15.386463,2025-07-11 15:59:16.140661,0.754,6.73,666.33,1752229755386,1.306,0,1,False,False,False,False,True,False,False,False,False,False,False,False,False,False,False,False,False,False
356,321,2025-07-11 15:59:16.401241,2025-07-11 15:59:17.169225,0.768,9.76,479.35,1752229756401,1.015,1,2,False,False,False,False,True,False,False,False,False,False,False,False,False,False,False,False,False,False
376,384,2025-07-11 15:59:21.171778,2025-07-11 15:59:21.547611,0.376,0.00,537.43,1752229761171,4.771,0,1,False,False,False,False,False,True,False,False,False,False,False,False,False,False,False,False,False,False
367,429,2025-07-11 15:59:24.821477,2025-07-11 15:59:25.329296,0.508,3.00,564.56,1752229764821,3.650,0,1,False,False,False,False,False,False,True,False,False,False,False,False,False,False,False,False,False,False
1196,465,2025-07-11 15:59:29.465677,2025-07-11 15:59:30.204705,0.739,27.06,1283.22,1752229769465,4.644,0,1,False,False,False,False,False,False,False,True,False,False,False,False,False,False,False,False,False,False
978,475,2025-07-11 15:59:30.554729,2025-07-11 15:59:31.411900,0.857,12.51,1087.25,1752229770554,1.089,0,2,False,False,False,False,False,False,False,True,False,False,False,False,False,False,False,False,False,False
364,511,2025-07-11 15:59:33.403857,2025-07-11 15:59:33.939408,0.536,15.00,627.39,1752229773403,2.849,0,1,False,False,False,False,False,False,False,False,True,False,False,False,False,False,False,False,False,False
1288,511,2025-07-11 15:59:36.006661,2025-07-11 15:59:36.775859,0.769,6.20,1385.66,1752229776006,2.603,0,2,False,False,False,False,False,False,False,False,True,False,False,False,False,False,False,False,False,False
385,583,2025-07-11 15:59:37.027235,2025-07-11 15:59:37.770243,0.743,19.71,698.65,1752229777027,1.021,0,1,False,False,False,False,False,False,False,False,False,True,True,False,False,False,False,False,False,False
594,614,2025-07-11 15:59:41.445552,2025-07-11 15:59:41.933856,0.488,0.00,854.30,1752229781445,4.418,0,1,False,False,False,False,False,False,False,False,False,False,True,False,False,False,False,False,False,False
1027,715,2025-07-11 15:59:51.218891,2025-07-11 15:59:51.710465,0.492,0.00,1251.38,1752229791218,9.773,0,1,False,False,False,False,False,False,False,False,False,False,False,False,True,False,False,False,False,False
1339,715,2025-07-11 15:59:52.389379,2025-07-11 15:59:52.928716,0.539,3.00,1517.94,1752229792389,1.170,0,2,False,False,False,False,False,False,False,False,False,False,False,False,True,False,False,False,False,False
1368,709,2025-07-11 15:59:52.928716,2025-07-11 15:59:53.343777,0.415,0.00,1540.81,1752229792928,0.539,1,3,False,False,False,False,False,False,False,False,False,False,False,False,True,False,False,False,False,False
364,765,2025-07-11 15:59:53.600332,2025-07-11 15:59:53.985761,0.385,0.00,847.18,1752229793600,0.672,0,1,False,False,False,False,False,False,False,False,False,False,False,False,False,True,False,False,False,False
434,850,2025-07-11 15:59:56.087736,2025-07-11 15:59:56.602717,0.515,0.00,954.39,1752229796087,2.487,0,1,False,False,False,False,False,False,False,False,False,False,False,False,False,False,True,False,False,False
461,853,2025-07-11 15:59:56.602717,2025-07-11 15:59:57.125562,0.523,13.51,969.60,1752229796602,0.515,0,2,False,False,False,False,False,False,False,False,False,False,False,False,False,False,True,False,False,False
403,903,2025-07-11 16:00:00.234157,2025-07-11 16:00:00.854704,0.621,9.51,988.85,1752229800234,3.631,0,1,False,False,False,False,False,False,False,False,False,False,False,False,False,False,False,True,False,False
