from,to,velocity,timestamp,duration
"(1445, 822)","(472, 818)",1539.9575332241518,2025-07-07 22:59:02.269142,0.6318409442901611
"(1440, 817)","(486, 822)",1569.1459279382586,2025-07-07 22:59:12.683746,0.6079823970794678
"(1434, 830)","(473, 825)",1571.0073546844103,2025-07-07 22:59:25.916731,0.611717700958252
"(459, 823)","(1390, 1038)",1134.5995839470656,2025-07-07 22:59:27.369952,0.8421499729156494
"(1420, 1034)","(1745, 685)",1174.3236160992908,2025-07-07 22:59:29.149148,0.4060993194580078
"(1433, 875)","(508, 874)",1485.11774086999,2025-07-07 23:10:46.655034,0.6228466033935547
"(1424, 883)","(504, 878)",1427.6896403062271,2025-07-07 23:10:58.148340,0.6444072723388672
"(1430, 884)","(493, 878)",1529.4344765471742,2025-07-07 23:11:09.302971,0.6126573085784912
"(498, 879)","(1411, 1053)",1184.7608752546698,2025-07-07 23:11:11.203900,0.784489631652832
"(1436, 1048)","(1745, 685)",1098.8352450922034,2025-07-07 23:11:12.793574,0.43382978439331055
"(488, 129)","(1601, 640)",3345.621772151048,2025-07-07 23:13:20.619619,0.3660604953765869
