fix_x,fix_y,start_time,end_time,duration
479,620,2025-07-04 15:14:24.923269,2025-07-04 15:14:25.458904,0.536
456,636,2025-07-04 15:14:25.458904,2025-07-04 15:14:25.845358,0.386
494,722,2025-07-04 15:14:27.369882,2025-07-04 15:14:28.235585,0.866
459,672,2025-07-04 15:14:28.509574,2025-07-04 15:14:29.384961,0.875
434,656,2025-07-04 15:14:32.681872,2025-07-04 15:14:33.324847,0.643
589,709,2025-07-04 15:14:35.617638,2025-07-04 15:14:36.212217,0.595
961,626,2025-07-04 15:14:36.666921,2025-07-04 15:14:37.228302,0.561
987,624,2025-07-04 15:14:37.228302,2025-07-04 15:14:38.047872,0.820
413,800,2025-07-04 15:14:38.597464,2025-07-04 15:14:38.998684,0.401
402,775,2025-07-04 15:14:38.998684,2025-07-04 15:14:39.440227,0.442
415,783,2025-07-04 15:14:39.746007,2025-07-04 15:14:40.165937,0.420
500,582,2025-07-04 15:14:40.698683,2025-07-04 15:14:41.178688,0.480
470,577,2025-07-04 15:14:41.178688,2025-07-04 15:14:41.971981,0.793
448,613,2025-07-04 15:14:44.696483,2025-07-04 15:14:45.556155,0.860
1030,624,2025-07-04 15:14:48.521736,2025-07-04 15:14:49.122792,0.601
414,650,2025-07-04 15:14:49.786232,2025-07-04 15:14:50.882331,1.096
948,595,2025-07-04 15:14:52.225260,2025-07-04 15:14:52.601736,0.376
979,584,2025-07-04 15:14:52.601736,2025-07-04 15:14:53.632045,1.030
448,870,2025-07-04 15:14:55.339422,2025-07-04 15:14:55.790796,0.451
444,333,2025-07-04 15:14:56.208123,2025-07-04 15:14:56.610532,0.402
450,680,2025-07-04 15:14:57.657228,2025-07-04 15:14:58.080962,0.424
845,668,2025-07-04 15:14:59.715581,2025-07-04 15:15:00.313388,0.598
873,672,2025-07-04 15:15:00.313388,2025-07-04 15:15:01.159575,0.846
454,654,2025-07-04 15:15:01.511613,2025-07-04 15:15:01.925587,0.414
791,674,2025-07-04 15:15:02.208970,2025-07-04 15:15:02.627264,0.418
630,737,2025-07-04 15:15:05.390174,2025-07-04 15:15:05.820566,0.430
601,733,2025-07-04 15:15:05.820566,2025-07-04 15:15:06.318443,0.498
977,649,2025-07-04 15:15:06.893061,2025-07-04 15:15:08.054494,1.161
622,777,2025-07-04 15:15:13.032744,2025-07-04 15:15:13.536524,0.504
1001,328,2025-07-04 15:15:15.070165,2025-07-04 15:15:16.120893,1.051
1328,558,2025-07-04 15:15:17.761313,2025-07-04 15:15:18.274680,0.513
1335,350,2025-07-04 15:15:18.962261,2025-07-04 15:15:19.412066,0.450
1279,780,2025-07-04 15:15:20.563488,2025-07-04 15:15:21.039819,0.476
1289,753,2025-07-04 15:15:21.039819,2025-07-04 15:15:21.492022,0.452
1262,741,2025-07-04 15:15:21.492022,2025-07-04 15:15:22.112242,0.620
1385,300,2025-07-04 15:15:25.537145,2025-07-04 15:15:26.278862,0.742
1703,657,2025-07-04 15:15:27.291604,2025-07-04 15:15:27.873054,0.581
1729,664,2025-07-04 15:15:27.873054,2025-07-04 15:15:29.704941,1.832
