fix_x,fix_y,start_time,end_time,duration,dispersion,distance,fix_start_ts,saccade_before_duration,regression_flag,fixation_count_in_AOI,AOI_4,AOI_5,AOI_6,AOI_7,AOI_8,AOI_9,AOI_10,AOI_11,AOI_12,AOI_13,AOI_14,AOI_15,AOI_16,AOI_17,AOI_18,AOI_19,AOI_20,label
492,229,2025-07-14 00:31:51.728724,2025-07-14 00:31:52.509680,0.781,4.03,542.68,1752433311728,0.0,0,1,True,False,False,False,False,False,False,False,False,False,False,False,False,False,False,False,False,0.0
469,278,2025-07-14 00:31:58.348036,2025-07-14 00:31:59.135269,0.787,15.21,545.2,1752433318348,6.619,0,1,False,True,False,False,False,False,False,False,False,False,False,False,False,False,False,False,False,0.0
1386,284,2025-07-14 00:32:03.622145,2025-07-14 00:32:04.277693,0.656,0.0,1414.8,1752433323622,5.274,0,2,False,True,False,False,False,False,False,False,False,False,False,False,False,False,False,False,False,1.0
1415,289,2025-07-14 00:32:04.277693,2025-07-14 00:32:05.885322,1.608,39.09,1444.21,1752433324277,0.656,0,3,False,True,False,False,False,False,False,False,False,False,False,False,False,False,False,False,False,1.0
1327,289,2025-07-14 00:32:06.083412,2025-07-14 00:32:06.665458,0.582,0.0,1358.11,1752433326083,1.806,0,4,False,True,False,False,False,False,False,False,False,False,False,False,False,False,False,False,False,1.0
1416,295,2025-07-14 00:32:07.044211,2025-07-14 00:32:07.943027,0.899,4.12,1446.4,1752433327044,0.961,0,5,False,True,False,False,False,False,False,False,False,False,False,False,False,False,False,False,False,1.0
440,325,2025-07-14 00:32:08.937632,2025-07-14 00:32:09.511096,0.573,0.0,547.01,1752433328937,1.893,0,1,False,False,True,False,False,False,False,False,False,False,False,False,False,False,False,False,False,0.0
522,431,2025-07-14 00:32:21.007898,2025-07-14 00:32:22.285821,1.278,18.87,676.94,1752433341007,12.07,0,1,False,False,False,False,True,False,False,False,False,False,False,False,False,False,False,False,False,0.0
522,523,2025-07-14 00:32:33.259393,2025-07-14 00:32:33.817382,0.558,0.0,738.93,1752433353259,12.251,0,1,False,False,False,False,False,False,True,False,False,False,False,False,False,False,False,False,False,0.0
495,533,2025-07-14 00:32:33.817382,2025-07-14 00:32:34.426643,0.609,0.0,727.4,1752433353817,0.558,0,2,False,False,False,False,False,False,True,False,False,False,False,False,False,False,False,False,False,0.0
583,522,2025-07-14 00:32:34.802713,2025-07-14 00:32:35.385156,0.582,0.0,782.54,1752433354802,0.985,1,3,False,False,False,False,False,False,True,False,False,False,False,False,False,False,False,False,False,0.0
1285,520,2025-07-14 00:32:38.937697,2025-07-14 00:32:39.536503,0.599,0.0,1386.23,1752433358937,4.135,1,4,False,False,False,False,False,False,True,False,False,False,False,False,False,False,False,False,False,0.0
480,564,2025-07-14 00:32:41.425723,2025-07-14 00:32:42.035860,0.61,0.0,740.61,1752433361425,2.488,0,1,False,False,False,False,False,False,False,True,False,False,False,False,False,False,False,False,False,1.0
432,598,2025-07-14 00:32:43.786343,2025-07-14 00:32:44.508596,0.722,7.43,737.72,1752433363786,2.361,0,2,False,False,False,False,False,False,False,True,False,False,False,False,False,False,False,False,False,1.0
412,582,2025-07-14 00:32:44.508596,2025-07-14 00:32:45.628507,1.12,13.12,713.07,1752433364508,0.722,1,3,False,False,False,False,False,False,False,True,False,False,False,False,False,False,False,False,False,1.0
440,582,2025-07-14 00:32:45.628507,2025-07-14 00:32:46.813204,1.185,4.93,729.61,1752433365628,1.12,0,4,False,False,False,False,False,False,False,True,False,False,False,False,False,False,False,False,False,1.0
465,624,2025-07-14 00:32:53.241945,2025-07-14 00:32:54.657856,1.416,24.61,778.2,1752433373241,7.613,0,1,False,False,False,False,False,False,False,False,True,False,False,False,False,False,False,False,False,0.0
456,675,2025-07-14 00:33:00.083502,2025-07-14 00:33:00.635407,0.552,0.0,814.59,1752433380083,6.842,0,1,False,False,False,False,False,False,False,False,False,True,False,False,False,False,False,False,False,0.0
474,719,2025-07-14 00:33:08.211420,2025-07-14 00:33:09.330712,1.119,19.78,861.18,1752433388211,8.128,0,1,False,False,False,False,False,False,False,False,False,False,True,False,False,False,False,False,False,0.0
463,771,2025-07-14 00:33:15.099245,2025-07-14 00:33:16.001157,0.902,18.67,899.34,1752433395099,6.888,0,1,False,False,False,False,False,False,False,False,False,False,False,True,False,False,False,False,False,0.0
464,820,2025-07-14 00:33:20.818811,2025-07-14 00:33:21.590202,0.771,6.02,942.18,1752433400818,5.72,0,1,False,False,False,False,False,False,False,False,False,False,False,False,True,False,False,False,False,0.0
529,827,2025-07-14 00:33:21.985061,2025-07-14 00:33:22.557331,0.572,0.0,981.72,1752433401985,1.166,0,2,False,False,False,False,False,False,False,False,False,False,False,False,True,False,False,False,False,0.0
533,855,2025-07-14 00:33:22.557331,2025-07-14 00:33:23.105346,0.548,0.0,1007.53,1752433402557,0.572,0,1,False,False,False,False,False,False,False,False,False,False,False,False,False,True,False,False,False,1.0
1262,866,2025-07-14 00:33:27.341618,2025-07-14 00:33:28.304583,0.963,16.55,1530.56,1752433407341,4.784,0,2,False,False,False,False,False,False,False,False,False,False,False,False,False,True,False,False,False,1.0
1217,868,2025-07-14 00:33:28.912651,2025-07-14 00:33:29.917624,1.005,21.01,1494.83,1752433408912,1.571,0,3,False,False,False,False,False,False,False,False,False,False,False,False,False,True,False,False,False,1.0
1137,912,2025-07-14 00:33:36.032698,2025-07-14 00:33:37.648576,1.616,21.03,1457.57,1752433416032,7.12,0,1,False,False,False,False,False,False,False,False,False,False,False,False,False,False,True,False,False,1.0
1105,909,2025-07-14 00:33:37.648576,2025-07-14 00:33:39.339769,1.691,5.18,1430.84,1752433417648,1.616,1,2,False,False,False,False,False,False,False,False,False,False,False,False,False,False,True,False,False,1.0
1077,905,2025-07-14 00:33:39.339769,2025-07-14 00:33:40.077618,0.738,3.16,1406.75,1752433419339,1.691,1,3,False,False,False,False,False,False,False,False,False,False,False,False,False,False,True,False,False,1.0
1049,902,2025-07-14 00:33:40.077618,2025-07-14 00:33:41.077940,1.0,15.01,1383.48,1752433420077,0.738,1,4,False,False,False,False,False,False,False,False,False,False,False,False,False,False,True,False,False,1.0
1115,904,2025-07-14 00:33:41.491414,2025-07-14 00:33:47.339652,5.848,22.19,1435.42,1752433421491,1.414,0,5,False,False,False,False,False,False,False,False,False,False,False,False,False,False,True,False,False,1.0
465,970,2025-07-14 00:33:49.344194,2025-07-14 00:33:49.915061,0.571,0.0,1075.7,1752433429344,7.853,0,1,False,False,False,False,False,False,False,False,False,False,False,False,False,False,False,True,False,0.0
1353,958,2025-07-14 00:33:53.666471,2025-07-14 00:33:54.213874,0.547,0.0,1657.82,1752433433666,4.322,1,2,False,False,False,False,False,False,False,False,False,False,False,False,False,False,False,True,False,0.0
482,1017,2025-07-14 00:33:54.566905,2025-07-14 00:33:55.348724,0.782,8.5,1125.44,1752433434566,0.9,0,1,False,False,False,False,False,False,False,False,False,False,False,False,False,False,False,False,True,0.0
